# TEST DATA
TRUNCATE `radcheck`;
INSERT INTO `radcheck` (`id`, `username`, `attribute`, `op`, `value`)
	VALUES
	(NULL, 'test@testing.com', 'Cleartext-Password', ':=', 'testing123');

TRUNCATE `userinfo`;
INSERT INTO `userinfo` (`username`) VALUES ('test@testing.com');

TRUNCATE `user_billing_detail`;

INSERT INTO `user_billing_detail` (`username`, `anniversary_day`, `action`, `status`) VALUES
('test@testing.com', 8, 'shape', 'normal');

TRUNCATE `user_quota`;

INSERT INTO `user_quota` (`username`, `quota_date`, `quota`) VALUES
('test@testing.com', '2015-09-17 00:00:00', 1073741824000);


SET @disable_triggers = 1;

TRUNCATE `radacct`;
INSERT INTO `radacct` (`radacctid`, `acctsessionid`, `acctuniqueid`, `UserName`, `GroupName`, `realm`, `NASIPAddress`, `NASPortId`, `nasporttype`, `AcctStartTime`, `AcctStopTime`, `AcctSessionTime`, `acctauthentic`, `connectinfo_start`, `connectinfo_stop`, `AcctInputOctets`, `AcctOutputOctets`, `CalledStationId`, `CallingStationId`, `acctterminatecause`, `servicetype`, `framedprotocol`, `FramedIPAddress`, `acctstartdelay`, `acctstopdelay`, `xascendsessionsvrkey`) VALUES
(8986451, '0004752B', '86716ad2a8b3d327', 'test@testing.com', '', '', '114.141.96.4', '', 'ISDN', '2015-10-22 00:00:34', '2015-10-22 00:03:05', 150, 'RADIUS', '155520000', '155520000', 5571, 45599, '', 'foobar', 'Port-Error', 'Framed-User', 'PPP', '127.0.0.15', 0, 0, ''),
(8986461, '0004752F', 'c3a4ce4d96573718', 'test@testing.com', '', '', '114.141.96.4', '', 'ISDN', '2015-10-22 00:09:23', '2015-10-22 00:17:34', 491, 'RADIUS', '155520000', '155520000', 34719, 169910, '', 'foobar', 'Port-Error', 'Framed-User', 'PPP', '127.0.0.15', 0, 0, ''),
(8986491, '00047531', '74fbe2d3453de527', 'test@testing.com', '', '', '114.141.96.4', '', 'ISDN', '2015-10-22 00:23:04', '2015-10-22 00:28:25', 321, 'RADIUS', '155520000', '155520000', 27871, 114347, '', 'foobar', 'Port-Error', 'Framed-User', 'PPP', '127.0.0.15', 0, 0, ''),
(8986511, '00047533', '117475f8f371a277', 'test@testing.com', '', '', '114.141.96.4', '', 'ISDN', '2015-10-22 00:32:18', '2015-10-22 00:53:20', 1262, 'RADIUS', '155520000', '155520000', 101044, 386393, '', 'foobar', 'Port-Error', 'Framed-User', 'PPP', '127.0.0.15', 0, 0, ''),
(8986531, '00047535', 'd023f8d481d771e8', 'test@testing.com', '', '', '114.141.96.4', '', 'ISDN', '2015-10-22 00:54:54', '2015-10-22 01:01:35', 401, 'RADIUS', '155520000', '155520000', 32171, 191079, '', 'foobar', 'Port-Error', 'Framed-User', 'PPP', '127.0.0.15', 0, 0, ''),
(8986551, '00047538', 'b882203df0c7113c', 'test@testing.com', '', '', '114.141.96.4', '', 'ISDN', '2015-10-22 01:12:00', '2015-10-22 01:14:41', 160, 'RADIUS', '155520000', '155520000', 5622, 48486, '', 'foobar', 'Port-Error', 'Framed-User', 'PPP', '127.0.0.15', 0, 0, ''),
(8986561, '0004753A', '65a25ae33932e6de', 'test@testing.com', '', '', '114.141.96.4', '', 'ISDN', '2015-10-22 01:21:56', '2015-10-22 01:26:17', 261, 'RADIUS', '155520000', '155520000', 20148, 117053, '', 'foobar', 'Port-Error', 'Framed-User', 'PPP', '127.0.0.15', 0, 0, ''),
(8986571, '0004753D', '927f276e328c655c', 'test@testing.com', '', '', '114.141.96.4', '', 'ISDN', '2015-10-22 01:33:57', '2015-10-22 01:49:09', 912, 'RADIUS', '155520000', '155520000', 49430, 328465, '', 'foobar', 'Port-Error', 'Framed-User', 'PPP', '127.0.0.15', 0, 0, ''),
(8986611, '0004753F', '2caf35025f4bb3de', 'test@testing.com', '', '', '114.141.96.4', '', 'ISDN', '2015-10-22 01:57:26', '2015-10-22 01:58:27', 60, 'RADIUS', '155520000', '155520000', 2532, 18078, '', 'foobar', 'Port-Error', 'Framed-User', 'PPP', '127.0.0.15', 0, 0, ''),
(8986631, '00047544', 'ed46ca6fa3ee2162', 'test@testing.com', '', '', '114.141.96.4', '', 'ISDN', '2015-10-22 02:04:38', '2015-10-22 02:09:09', 271, 'RADIUS', '155520000', '155520000', 26269, 96544, '', 'foobar', 'Port-Error', 'Framed-User', 'PPP', '127.0.0.15', 0, 0, ''),
(8986661, '00047547', '11fcd9a5a46aaf4b', 'test@testing.com', '', '', '114.141.96.4', '', 'ISDN', '2015-10-22 02:20:04', '2015-10-22 02:22:45', 160, 'RADIUS', '155520000', '155520000', 9129, 47583, '', 'foobar', 'Port-Error', 'Framed-User', 'PPP', '127.0.0.15', 0, 0, ''),
(8986681, '00264796', 'e751c15c88ba7374', 'test@testing.com', '', '', '114.141.96.7', '', 'ISDN', '2015-10-22 02:27:50', '2015-10-22 02:29:20', 90, 'RADIUS', '155520000', '155520000', 11990, 39570, '', 'foobar', 'Port-Error', 'Framed-User', 'PPP', '127.0.0.15', 0, 0, ''),
(8986691, '00047549', '3965d8bfaea688fc', 'test@testing.com', '', '', '114.141.96.4', '', 'ISDN', '2015-10-22 02:39:38', '2015-10-22 02:40:39', 60, 'RADIUS', '155520000', '155520000', 2848, 20354, '', 'foobar', 'Port-Error', 'Framed-User', 'PPP', '127.0.0.15', 0, 0, ''),
(8986711, '0004754C', 'c3333f8782a75af6', 'test@testing.com', '', '', '114.141.96.4', '', 'ISDN', '2015-10-22 02:48:22', '2015-10-22 02:56:53', 511, 'RADIUS', '155520000', '155520000', 41436, 105189, '', 'foobar', 'Port-Error', 'Framed-User', 'PPP', '127.0.0.15', 0, 0, ''),
(8986761, '00047553', '91126c746f36270d', 'test@testing.com', '', '', '114.141.96.4', '', 'ISDN', '2015-10-22 03:03:51', '2015-10-22 03:07:41', 231, 'RADIUS', '155520000', '155520000', 19985, 98209, '', 'foobar', 'Port-Error', 'Framed-User', 'PPP', '127.0.0.15', 0, 0, ''),
(8986791, '00047555', 'b81a2cdf2673a54b', 'test@testing.com', '', '', '114.141.96.4', '', 'ISDN', '2015-10-22 03:12:34', '2015-10-22 03:17:15', 281, 'RADIUS', '155520000', '155520000', 19038, 120950, '', 'foobar', 'Port-Error', 'Framed-User', 'PPP', '127.0.0.15', 0, 0, ''),
(8986811, '002647A0', 'b7e4cb126660b502', 'test@testing.com', '', '', '114.141.96.7', '', 'ISDN', '2015-10-22 03:22:02', '2015-10-22 03:27:12', 311, 'RADIUS', '155520000', '155520000', 18384, 116082, '', 'foobar', 'Port-Error', 'Framed-User', 'PPP', '127.0.0.15', 0, 0, ''),
(8986861, '002647A5', 'd547274c1b72996d', 'test@testing.com', '', '', '114.141.96.7', '', 'ISDN', '2015-10-22 03:45:19', '2015-10-22 03:50:29', 311, 'RADIUS', '155520000', '155520000', 14794, 82587, '', 'foobar', 'Port-Error', 'Framed-User', 'PPP', '127.0.0.15', 0, 0, ''),
(8986871, '002647A7', '1ed7bd450acc512c', 'test@testing.com', '', '', '114.141.96.7', '', 'ISDN', '2015-10-22 04:00:18', '2015-10-22 04:02:38', 141, 'RADIUS', '155520000', '155520000', 4952, 40583, '', 'foobar', 'Port-Error', 'Framed-User', 'PPP', '127.0.0.15', 0, 0, ''),
(8986901, '002647AB', 'ca9e949fbbd7bcfd', 'test@testing.com', '', '', '114.141.96.7', '', 'ISDN', '2015-10-22 04:12:22', '2015-10-22 04:15:02', 161, 'RADIUS', '155520000', '155520000', 5910, 49416, '', 'foobar', 'Port-Error', 'Framed-User', 'PPP', '127.0.0.15', 0, 0, ''),
(8986921, '002647AE', 'e3757d361a0bb696', 'test@testing.com', '', '', '114.141.96.7', '', 'ISDN', '2015-10-22 04:20:48', '2015-10-22 04:24:38', 231, 'RADIUS', '155520000', '155520000', 15571, 98528, '', 'foobar', 'Port-Error', 'Framed-User', 'PPP', '127.0.0.15', 0, 0, ''),
(8986951, '002647B0', 'f6ae524f72f55ee5', 'test@testing.com', '', '', '114.141.96.7', '', 'ISDN', '2015-10-22 04:45:18', '2015-10-22 04:47:38', 141, 'RADIUS', '155520000', '155520000', 3443, 40568, '', 'foobar', 'Port-Error', 'Framed-User', 'PPP', '127.0.0.15', 0, 0, ''),
(8986961, '002647B2', '1143e8b09ddfaa67', 'test@testing.com', '', '', '114.141.96.7', '', 'ISDN', '2015-10-22 04:51:32', '2015-10-22 05:00:32', 541, 'RADIUS', '155520000', '155520000', 34643, 126381, '', 'foobar', 'Port-Error', 'Framed-User', 'PPP', '127.0.0.15', 0, 0, ''),
(8986991, '002647B6', '3252da999c111936', 'test@testing.com', '', '', '114.141.96.7', '', 'ISDN', '2015-10-22 05:33:13', '2015-10-22 05:36:13', 181, 'RADIUS', '155520000', '155520000', 7089, 55583, '', 'foobar', 'Port-Error', 'Framed-User', 'PPP', '127.0.0.15', 0, 0, ''),
(8987051, '002647BA', 'cafe1b0f80011611', 'test@testing.com', '', '', '114.141.96.7', '', 'ISDN', '2015-10-22 05:58:13', '2015-10-22 19:46:42', 49710, 'RADIUS', '155520000', '155520000', 18605362, 23267969, '', 'foobar', 'Port-Error', 'Framed-User', 'PPP', '127.0.0.15', 0, 0, ''),
(8988651, '000475D1', 'ae480010d3a54b7b', 'test@testing.com', '', '', '114.141.96.4', '', 'ISDN', '2015-10-22 20:10:23', '2015-10-22 20:15:03', 280, 'RADIUS', '155520000', '155520000', 18515, 120140, '', 'foobar', 'Port-Error', 'Framed-User', 'PPP', '127.0.0.15', 0, 0, ''),
(8988661, '00264855', '8d8d956b7a0087e6', 'test@testing.com', '', '', '114.141.96.7', '', 'ISDN', '2015-10-22 20:24:09', '2015-10-22 20:27:09', 180, 'RADIUS', '155520000', '155520000', 5580, 52701, '', 'foobar', 'Port-Error', 'Framed-User', 'PPP', '127.0.0.15', 0, 0, ''),
(8988681, '00264857', '65f2e9145a59fabf', 'test@testing.com', '', '', '114.141.96.7', '', 'ISDN', '2015-10-22 20:35:12', '2015-10-22 20:38:12', 180, 'RADIUS', '155520000', '155520000', 5316, 53520, '', 'foobar', 'Port-Error', 'Framed-User', 'PPP', '127.0.0.15', 0, 0, ''),
(8988911, '00264867', 'fce4963487bb48cf', 'test@testing.com', '', '', '114.141.96.7', '', 'ISDN', '2015-10-22 23:49:50', '2015-10-22 23:57:51', 481, 'RADIUS', '155520000', '155520000', 26124, 85550, '', 'foobar', 'Port-Error', 'Framed-User', 'PPP', '127.0.0.15', 0, 0, ''),
(8988921, '000475E8', '95055b4eaa636a51', 'test@testing.com', '', '', '114.141.96.4', '', 'ISDN', '2015-10-23 00:05:45', '2015-10-23 00:54:00', 2895, 'RADIUS', '155520000', '155520000', 258554, 985513, '', 'foobar', 'Port-Error', 'Framed-User', 'PPP', '127.0.0.15', 0, 0, ''),
(8988971, '000475EA', '00ee7ae52e4ae0db', 'test@testing.com', '', '', '114.141.96.4', '', 'ISDN', '2015-10-23 00:58:48', '2015-10-23 20:12:39', 69231, 'RADIUS', '155520000', '155520000', 12520143, 16854712, '', 'foobar', 'Port-Error', 'Framed-User', 'PPP', '127.0.0.15', 0, 0, ''),
(8990631, '002648C8', '26079fb060ec85c5', 'test@testing.com', '', '', '114.141.96.7', '', 'ISDN', '2015-10-23 20:17:33', '2015-10-23 20:18:33', 60, 'RADIUS', '155520000', '155520000', 4476, 17578, '', 'foobar', 'Port-Error', 'Framed-User', 'PPP', '127.0.0.15', 0, 0, ''),
(8990641, '00047667', '40a60037ec3ab645', 'test@testing.com', '', '', '114.141.96.4', '', 'ISDN', '2015-10-23 20:23:45', '2015-10-23 20:30:25', 401, 'RADIUS', '155520000', '155520000', 24305, 134221, '', 'foobar', 'Port-Error', 'Framed-User', 'PPP', '127.0.0.15', 0, 0, ''),
(8990671, '002648CC', '025b9af8c7486206', 'test@testing.com', '', '', '114.141.96.7', '', 'ISDN', '2015-10-23 20:35:09', '2015-10-23 20:46:10', 661, 'RADIUS', '155520000', '155520000', 54932, 129024, '', 'foobar', 'Port-Error', 'Framed-User', 'PPP', '127.0.0.15', 0, 0, ''),
(8990701, '00047669', '6f47bd5a71c33611', 'test@testing.com', '', '', '114.141.96.4', '', 'ISDN', '2015-10-23 20:51:07', '2015-10-23 20:54:57', 230, 'RADIUS', '155520000', '155520000', 13850, 81070, '', 'foobar', 'Port-Error', 'Framed-User', 'PPP', '127.0.0.15', 0, 0, ''),
(8990731, '002648D3', '4d3d7373095c4dcb', 'test@testing.com', '', '', '114.141.96.7', '', 'ISDN', '2015-10-23 21:00:29', '2015-10-23 21:03:09', 160, 'RADIUS', '155520000', '155520000', 13366, 60427, '', 'foobar', 'Port-Error', 'Framed-User', 'PPP', '127.0.0.15', 0, 0, ''),
(8990751, '0004766E', '5109ebc3291a3360', 'test@testing.com', '', '', '114.141.96.4', '', 'ISDN', '2015-10-23 21:09:48', '2015-10-23 21:22:59', 791, 'RADIUS', '155520000', '155520000', 63632, 297903, '', 'foobar', 'Port-Error', 'Framed-User', 'PPP', '127.0.0.15', 0, 0, ''),
(8990781, '002648D8', '9a9955c1fcbb892c', 'test@testing.com', '', '', '114.141.96.7', '', 'ISDN', '2015-10-23 21:31:01', '2015-10-23 21:36:01', 301, 'RADIUS', '155520000', '155520000', 17206, 96557, '', 'foobar', 'Port-Error', 'Framed-User', 'PPP', '127.0.0.15', 0, 0, ''),
(8990841, '00047675', '95a3f00ce7396a25', 'test@testing.com', '', '', '114.141.96.4', '', 'ISDN', '2015-10-23 21:43:13', '2015-10-23 21:51:44', 511, 'RADIUS', '155520000', '155520000', 42710, 197278, '', 'foobar', 'Port-Error', 'Framed-User', 'PPP', '127.0.0.15', 0, 0, ''),
(8990861, '00047678', 'ab4b7343d649b10d', 'test@testing.com', '', '', '114.141.96.4', '', 'ISDN', '2015-10-23 21:52:27', '2015-10-23 22:03:38', 671, 'RADIUS', '155520000', '155520000', 73803, 266211, '', 'foobar', 'Port-Error', 'Framed-User', 'PPP', '127.0.0.15', 0, 0, ''),
(8990891, '0004767D', '370fda6e54dfcf7a', 'test@testing.com', '', '', '114.141.96.4', '', 'ISDN', '2015-10-23 22:08:34', '2015-10-23 22:13:45', 310, 'RADIUS', '155520000', '155520000', 42910, 139851, '', 'foobar', 'Port-Error', 'Framed-User', 'PPP', '127.0.0.15', 0, 0, ''),
(8990901, '0004767F', 'b307c5c34a656a1e', 'test@testing.com', '', '', '114.141.96.4', '', 'ISDN', '2015-10-23 22:18:47', '2015-10-23 22:30:58', 731, 'RADIUS', '155520000', '155520000', 59145, 266380, '', 'foobar', 'Port-Error', 'Framed-User', 'PPP', '127.0.0.15', 0, 0, ''),
(8990941, '00047686', '93ef923ff34cdb1f', 'test@testing.com', '', '', '114.141.96.4', '', 'ISDN', '2015-10-23 22:36:21', '2015-10-24 19:50:53', 76473, 'RADIUS', '155520000', '155520000', 4980352, 6636436, '', 'foobar', 'Port-Error', 'Framed-User', 'PPP', '127.0.0.15', 0, 0, ''),
(8993531, '00047707', 'a28b26d92968fecd', 'test@testing.com', '', '', '114.141.96.4', '', 'ISDN', '2015-10-24 19:59:40', '2015-10-24 20:00:39', 60, 'RADIUS', '155520000', '155520000', 3332, 17202, '', 'foobar', 'Port-Error', 'Framed-User', 'PPP', '127.0.0.15', 0, 0, ''),
(8993581, '0004770C', '6bcb3dd44c12ed67', 'test@testing.com', '', '', '114.141.96.4', '', 'ISDN', '2015-10-24 20:06:33', '2015-10-24 20:22:05', 932, 'RADIUS', '155520000', '155520000', 73844, 251982, '', 'foobar', 'Port-Error', 'Framed-User', 'PPP', '127.0.0.15', 0, 0, ''),
(8993651, '002649D9', 'ee1062a5de10bd70', 'test@testing.com', '', '', '114.141.96.7', '', 'ISDN', '2015-10-24 20:26:06', '2015-10-24 20:28:56', 171, 'RADIUS', '155520000', '155520000', 18203, 74502, '', 'foobar', 'Port-Error', 'Framed-User', 'PPP', '127.0.0.15', 0, 0, ''),
(8993691, '002649DC', '69f10d375fbee063', 'test@testing.com', '', '', '114.141.96.7', '', 'ISDN', '2015-10-24 20:33:48', '2015-10-24 21:03:40', 1793, 'RADIUS', '155520000', '155520000', 170982, 679864, '', 'foobar', 'Port-Error', 'Framed-User', 'PPP', '127.0.0.15', 0, 0, ''),
(8993831, '002649E5', '76ebe9ee3f2b8b25', 'test@testing.com', '', '', '114.141.96.7', '', 'ISDN', '2015-10-24 21:08:03', '2015-10-24 21:18:13', 611, 'RADIUS', '155520000', '155520000', 60889, 213431, '', 'foobar', 'Port-Error', 'Framed-User', 'PPP', '127.0.0.15', 0, 0, ''),
(8993881, '0004771F', '7b22d515d253c808', 'test@testing.com', '', '', '114.141.96.4', '', 'ISDN', '2015-10-24 21:22:55', '2015-10-24 21:33:36', 641, 'RADIUS', '155520000', '155520000', 51434, 85993, '', 'foobar', 'Port-Error', 'Framed-User', 'PPP', '127.0.0.15', 0, 0, ''),
(8993971, '00047726', '346cf7857f217982', 'test@testing.com', '', '', '114.141.96.4', '', 'ISDN', '2015-10-24 21:38:48', '2015-10-24 22:11:00', 1933, 'RADIUS', '155520000', '155520000', 173792, 722328, '', 'foobar', 'Port-Error', 'Framed-User', 'PPP', '127.0.0.15', 0, 0, ''),
(8994171, '0004773A', '32afa49bf32f4365', 'test@testing.com', '', '', '114.141.96.4', '', 'ISDN', '2015-10-24 22:16:02', '2015-10-24 22:32:24', 982, 'RADIUS', '155520000', '155520000', 78193, 218603, '', 'foobar', 'Port-Error', 'Framed-User', 'PPP', '127.0.0.15', 0, 0, ''),
(8994261, '00264A07', '0d8533875c6a77b8', 'test@testing.com', '', '', '114.141.96.7', '', 'ISDN', '2015-10-24 22:37:21', '2015-10-24 22:43:22', 361, 'RADIUS', '155520000', '155520000', 21627, 130967, '', 'foobar', 'Port-Error', 'Framed-User', 'PPP', '127.0.0.15', 0, 0, ''),
(8994291, '00264A0B', '7f0a4fa1f9ead061', 'test@testing.com', '', '', '114.141.96.7', '', 'ISDN', '2015-10-24 22:49:27', '2015-10-24 22:55:18', 351, 'RADIUS', '155520000', '155520000', 22667, 122260, '', 'foobar', 'Port-Error', 'Framed-User', 'PPP', '127.0.0.15', 0, 0, ''),
(8994351, '00047749', '18fa9a833bb281cb', 'test@testing.com', '', '', '114.141.96.4', '', 'ISDN', '2015-10-24 23:05:35', '2015-10-24 23:11:35', 361, 'RADIUS', '155520000', '155520000', 18699, 142128, '', 'foobar', 'Port-Error', 'Framed-User', 'PPP', '127.0.0.15', 0, 0, ''),
(8994411, '00047750', '77a1ea1b53ae0dad', 'test@testing.com', '', '', '114.141.96.4', '', 'ISDN', '2015-10-24 23:18:50', '2015-10-24 23:21:50', 180, 'RADIUS', '155520000', '155520000', 8422, 56986, '', 'foobar', 'Port-Error', 'Framed-User', 'PPP', '127.0.0.15', 0, 0, ''),
(8994441, '00047755', 'f0cf1e945617b2ca', 'test@testing.com', '', '', '114.141.96.4', '', 'ISDN', '2015-10-24 23:27:01', '2015-10-24 23:28:01', 60, 'RADIUS', '155520000', '155520000', 5662, 6893, '', 'foobar', 'Port-Error', 'Framed-User', 'PPP', '127.0.0.15', 0, 0, ''),
(8994451, '00047757', 'b08c8b86c647daf6', 'test@testing.com', '', '', '114.141.96.4', '', 'ISDN', '2015-10-24 23:32:43', '2015-10-24 23:36:54', 251, 'RADIUS', '155520000', '155520000', 17644, 98957, '', 'foobar', 'Port-Error', 'Framed-User', 'PPP', '127.0.0.15', 0, 0, ''),
(8994621, '00047771', 'd88f466e087d3160', 'test@testing.com', '', '', '114.141.96.4', '', 'ISDN', '2015-10-25 00:13:52', '2015-10-25 00:17:32', 221, 'RADIUS', '155520000', '155520000', 5736, 67280, '', 'foobar', 'Port-Error', 'Framed-User', 'PPP', '127.0.0.15', 0, 0, ''),
(8994691, '00047778', '692bb125c83b1ad1', 'test@testing.com', '', '', '114.141.96.4', '', 'ISDN', '2015-10-25 00:32:03', '2015-10-25 00:33:03', 60, 'RADIUS', '155520000', '155520000', 1248, 1098, '', 'foobar', 'Port-Error', 'Framed-User', 'PPP', '127.0.0.15', 0, 0, ''),
(8994861, '00047781', '05bdeb7e4d8135d9', 'test@testing.com', '', '', '114.141.96.4', '', 'ISDN', '2015-10-25 01:11:48', '2015-10-25 01:13:18', 90, 'RADIUS', '155520000', '155520000', 6744, 17393, '', 'foobar', 'Port-Error', 'Framed-User', 'PPP', '127.0.0.15', 0, 0, ''),
(8994921, '00047787', 'fd82775b688d49a4', 'test@testing.com', '', '', '114.141.96.4', '', 'ISDN', '2015-10-25 01:23:13', '2015-10-25 01:26:13', 181, 'RADIUS', '155520000', '155520000', 14509, 80011, '', 'foobar', 'Port-Error', 'Framed-User', 'PPP', '127.0.0.15', 0, 0, ''),
(8994941, '00264A3F', 'de0e2f21f7cd9a5d', 'test@testing.com', '', '', '114.141.96.7', '', 'ISDN', '2015-10-25 01:32:03', '2015-10-25 01:33:53', 110, 'RADIUS', '155520000', '155520000', 8370, 40954, '', 'foobar', 'Port-Error', 'Framed-User', 'PPP', '127.0.0.15', 0, 0, ''),
(8995021, '00264A49', '8de359bf9e1c3c14', 'test@testing.com', '', '', '114.141.96.7', '', 'ISDN', '2015-10-25 01:44:57', '2015-10-25 01:53:47', 531, 'RADIUS', '155520000', '155520000', 40041, 191396, '', 'foobar', 'Port-Error', 'Framed-User', 'PPP', '127.0.0.15', 0, 0, ''),
(8995061, '0004778E', '397f078da94ec1ea', 'test@testing.com', '', '', '114.141.96.4', '', 'ISDN', '2015-10-25 02:02:52', '2015-10-25 02:04:42', 110, 'RADIUS', '155520000', '155520000', 8122, 36822, '', 'foobar', 'Port-Error', 'Framed-User', 'PPP', '127.0.0.15', 0, 0, ''),
(8995101, '00264A4E', '528806c250e61f30', 'test@testing.com', '', '', '114.141.96.7', '', 'ISDN', '2015-10-25 02:19:43', '2015-10-25 02:21:23', 100, 'RADIUS', '155520000', '155520000', 9504, 9370, '', 'foobar', 'Port-Error', 'Framed-User', 'PPP', '127.0.0.15', 0, 0, ''),
(8995141, '00264A51', 'fb930a1caeb24ed8', 'test@testing.com', '', '', '114.141.96.7', '', 'ISDN', '2015-10-25 02:26:27', '2015-10-25 02:51:29', 1503, 'RADIUS', '155520000', '155520000', 114112, 547453, '', 'foobar', 'Port-Error', 'Framed-User', 'PPP', '127.0.0.15', 0, 0, ''),
(8995201, '00264A57', 'ef0938246fe8f689', 'test@testing.com', '', '', '114.141.96.7', '', 'ISDN', '2015-10-25 02:56:39', '2015-10-25 03:05:27', 531, 'RADIUS', '155520000', '155520000', 52776, 195417, '', 'foobar', 'Port-Error', 'Framed-User', 'PPP', '127.0.0.15', 0, 0, ''),
(8995271, '00264A5C', 'ae740cc5ba40a9cc', 'test@testing.com', '', '', '114.141.96.7', '', 'ISDN', '2015-10-25 03:11:39', '2015-10-25 19:41:34', 59396, 'RADIUS', '155520000', '155520000', 3847525, 5177394, '', 'foobar', 'Port-Error', 'Framed-User', 'PPP', '127.0.0.15', 0, 0, ''),
(8998221, '00047825', 'c7579e86f12399ad', 'test@testing.com', '', '', '114.141.96.4', '', 'ISDN', '2015-10-26 05:49:14', '2015-10-26 19:50:05', 50450, 'RADIUS', '155520000', '155520000', 15805094, 20705015, '', 'foobar', 'Port-Error', 'Framed-User', 'PPP', '127.0.0.15', 0, 0, ''),
(9000121, '000478A1', '45b956faa5328964', 'test@testing.com', '', '', '114.141.96.4', '', 'ISDN', '2015-10-26 19:59:37', '2015-10-26 20:07:17', 461, 'RADIUS', '155520000', '155520000', 28678, 185203, '', 'foobar', 'Port-Error', 'Framed-User', 'PPP', '127.0.0.15', 0, 0, ''),
(9000141, '000478A8', '41e6efa719f9eba2', 'test@testing.com', '', '', '114.141.96.4', '', 'ISDN', '2015-10-26 20:10:51', '2015-10-26 21:03:36', 3165, 'RADIUS', '155520000', '155520000', 269974, 689258, '', 'foobar', 'Port-Error', 'Framed-User', 'PPP', '127.0.0.15', 0, 0, ''),
(9000331, '000478CC', '546b6ec50f17f00c', 'test@testing.com', '', '', '114.141.96.4', '', 'ISDN', '2015-10-26 21:10:47', '2015-10-26 21:29:09', 1102, 'RADIUS', '155520000', '155520000', 111182, 396096, '', 'foobar', 'Port-Error', 'Framed-User', 'PPP', '127.0.0.15', 0, 0, ''),
(9000361, '00264BC0', '189901627c551cf7', 'test@testing.com', '', '', '114.141.96.7', '', 'ISDN', '2015-10-26 21:33:59', '2015-10-26 21:50:40', 1002, 'RADIUS', '155520000', '155520000', 81557, 164617, '', 'foobar', 'Port-Error', 'Framed-User', 'PPP', '127.0.0.15', 0, 0, ''),
(9000481, '000478E8', 'cf59bfba636f91d2', 'test@testing.com', '', '', '114.141.96.4', '', 'ISDN', '2015-10-26 21:56:35', '2015-10-26 21:59:05', 151, 'RADIUS', '155520000', '155520000', 8849, 53830, '', 'foobar', 'Port-Error', 'Framed-User', 'PPP', '127.0.0.15', 0, 0, ''),
(9000561, '000478F6', '1cb9c40c6b4f2799', 'test@testing.com', '', '', '114.141.96.4', '', 'ISDN', '2015-10-26 22:07:09', '2015-10-26 22:09:29', 140, 'RADIUS', '155520000', '155520000', 5262, 43291, '', 'foobar', 'Port-Error', 'Framed-User', 'PPP', '127.0.0.15', 0, 0, ''),
(9000591, '000478FD', '350856cdae85c126', 'test@testing.com', '', '', '114.141.96.4', '', 'ISDN', '2015-10-26 22:13:53', '2015-10-26 22:18:53', 301, 'RADIUS', '155520000', '155520000', 20693, 118622, '', 'foobar', 'Port-Error', 'Framed-User', 'PPP', '127.0.0.15', 0, 0, ''),
(9000611, '00047901', 'd8a9dcbe1596e333', 'test@testing.com', '', '', '114.141.96.4', '', 'ISDN', '2015-10-26 22:22:55', '2015-10-26 22:26:05', 190, 'RADIUS', '155520000', '155520000', 12723, 70003, '', 'foobar', 'Port-Error', 'Framed-User', 'PPP', '127.0.0.15', 0, 0, ''),
(9000631, '00047906', '1dc207943a9b3ece', 'test@testing.com', '', '', '114.141.96.4', '', 'ISDN', '2015-10-26 22:31:09', '2015-10-26 22:32:29', 80, 'RADIUS', '155520000', '155520000', 9886, 33208, '', 'foobar', 'Port-Error', 'Framed-User', 'PPP', '127.0.0.15', 0, 0, ''),
(9000691, '0004790F', 'd899a424e96585fb', 'test@testing.com', '', '', '114.141.96.4', '', 'ISDN', '2015-10-26 22:38:21', '2015-10-26 22:41:31', 190, 'RADIUS', '155520000', '155520000', 17212, 31900, '', 'foobar', 'Port-Error', 'Framed-User', 'PPP', '127.0.0.15', 0, 0, ''),
(9000741, '0004791A', 'd7595f8619401ead', 'test@testing.com', '', '', '114.141.96.4', '', 'ISDN', '2015-10-26 22:47:13', '2015-10-26 22:49:01', 110, 'RADIUS', '155520000', '155520000', 5831, 33215, '', 'foobar', 'Port-Error', 'Framed-User', 'PPP', '127.0.0.15', 0, 0, ''),
(9000791, '0004791F', 'ea3c82f1427967eb', 'test@testing.com', '', '', '114.141.96.4', '', 'ISDN', '2015-10-26 22:54:25', '2015-10-26 22:59:05', 281, 'RADIUS', '155520000', '155520000', 14473, 92061, '', 'foobar', 'Port-Error', 'Framed-User', 'PPP', '127.0.0.15', 0, 0, ''),
(9000841, '0004792C', '93f9eb1f93e77304', 'test@testing.com', '', '', '114.141.96.4', '', 'ISDN', '2015-10-26 23:04:05', '2015-10-26 23:05:55', 110, 'RADIUS', '155520000', '155520000', 5571, 33000, '', 'foobar', 'Port-Error', 'Framed-User', 'PPP', '127.0.0.15', 0, 0, ''),
(9000891, '00047934', '55a56f327483266b', 'test@testing.com', '', '', '114.141.96.4', '', 'ISDN', '2015-10-26 23:10:59', '2015-10-26 23:13:59', 180, 'RADIUS', '155520000', '155520000', 5418, 54776, '', 'foobar', 'Port-Error', 'Framed-User', 'PPP', '127.0.0.15', 0, 0, ''),
(9000921, '00264BC9', '78c087cee447a162', 'test@testing.com', '', '', '114.141.96.7', '', 'ISDN', '2015-10-26 23:21:05', '2015-10-26 23:22:45', 100, 'RADIUS', '155520000', '155520000', 3715, 30823, '', 'foobar', 'Port-Error', 'Framed-User', 'PPP', '127.0.0.15', 0, 0, ''),
(9000961, '00047940', '0129f120d0e0b7af', 'test@testing.com', '', '', '114.141.96.4', '', 'ISDN', '2015-10-26 23:33:33', '2015-10-26 23:47:54', 862, 'RADIUS', '155520000', '155520000', 44100, 220113, '', 'foobar', 'Port-Error', 'Framed-User', 'PPP', '127.0.0.15', 0, 0, ''),
(9001061, '00264BCC', '40d3c3dd39f2d99f', 'test@testing.com', '', '', '114.141.96.7', '', 'ISDN', '2015-10-26 23:55:39', '2015-10-26 23:58:29', 171, 'RADIUS', '155520000', '155520000', 6941, 53887, '', 'foobar', 'Port-Error', 'Framed-User', 'PPP', '127.0.0.15', 0, 0, ''),
(9001161, '00264BD3', '005d9f3432ecfdeb', 'test@testing.com', '', '', '114.141.96.7', '', 'ISDN', '2015-10-27 00:14:53', '2015-10-27 00:17:12', 140, 'RADIUS', '155520000', '155520000', 4771, 42640, '', 'foobar', 'Port-Error', 'Framed-User', 'PPP', '127.0.0.15', 0, 0, ''),
(9001201, '00047969', '0e5cb5bfc5aa85c7', 'test@testing.com', '', '', '114.141.96.4', '', 'ISDN', '2015-10-27 00:30:53', '2015-10-27 00:31:53', 60, 'RADIUS', '155520000', '155520000', 2228, 16804, '', 'foobar', 'Port-Error', 'Framed-User', 'PPP', '127.0.0.15', 0, 0, ''),
(9001281, '00047979', 'b512b2ea0f016d57', 'test@testing.com', '', '', '114.141.96.4', '', 'ISDN', '2015-10-27 00:58:48', '2015-10-27 01:01:48', 181, 'RADIUS', '155520000', '155520000', 8953, 25155, '', 'foobar', 'Port-Error', 'Framed-User', 'PPP', '127.0.0.15', 0, 0, ''),
(9001381, '00047987', 'ece6ed46460c73eb', 'test@testing.com', '', '', '114.141.96.4', '', 'ISDN', '2015-10-27 01:14:48', '2015-10-27 01:17:18', 151, 'RADIUS', '155520000', '155520000', 6120, 44752, '', 'foobar', 'Port-Error', 'Framed-User', 'PPP', '127.0.0.15', 0, 0, ''),
(9001441, '00264BEB', 'f6dc298f12f5eb8b', 'test@testing.com', '', '', '114.141.96.7', '', 'ISDN', '2015-10-27 01:43:05', '2015-10-27 01:44:45', 100, 'RADIUS', '155520000', '155520000', 3857, 31091, '', 'foobar', 'Port-Error', 'Framed-User', 'PPP', '127.0.0.15', 0, 0, ''),
(9001531, '000479A1', '9231080853de7f59', 'test@testing.com', '', '', '114.141.96.4', '', 'ISDN', '2015-10-27 01:56:23', '2015-10-27 01:58:03', 100, 'RADIUS', '155520000', '155520000', 6595, 27534, '', 'foobar', 'Port-Error', 'Framed-User', 'PPP', '127.0.0.15', 0, 0, ''),
(9001601, '000479AD', 'cc10494465c6e330', 'test@testing.com', '', '', '114.141.96.4', '', 'ISDN', '2015-10-27 02:16:09', '2015-10-27 02:20:39', 271, 'RADIUS', '155520000', '155520000', 9215, 77009, '', 'foobar', 'Port-Error', 'Framed-User', 'PPP', '127.0.0.15', 0, 0, ''),
(9001641, '00264BF7', '044f087bbf5d8931', 'test@testing.com', '', '', '114.141.96.7', '', 'ISDN', '2015-10-27 02:25:53', '2015-10-27 02:27:53', 121, 'RADIUS', '155520000', '155520000', 14214, 55370, '', 'foobar', 'Port-Error', 'Framed-User', 'PPP', '127.0.0.15', 0, 0, ''),
(9001731, '000479BA', '558be7435711f672', 'test@testing.com', '', '', '114.141.96.4', '', 'ISDN', '2015-10-27 02:35:43', '2015-10-27 02:37:43', 121, 'RADIUS', '155520000', '155520000', 5968, 36097, '', 'foobar', 'Port-Error', 'Framed-User', 'PPP', '127.0.0.15', 0, 0, ''),
(9001771, '000479C0', '9e43b32cdab6c56c', 'test@testing.com', '', '', '114.141.96.4', '', 'ISDN', '2015-10-27 02:44:07', '2015-10-27 03:03:29', 1162, 'RADIUS', '155520000', '155520000', 92356, 315451, '', 'foobar', 'Port-Error', 'Framed-User', 'PPP', '127.0.0.15', 0, 0, ''),
(9001891, '000479D0', '9d4f212003de9983', 'test@testing.com', '', '', '114.141.96.4', '', 'ISDN', '2015-10-27 03:08:45', '2015-10-27 03:19:56', 671, 'RADIUS', '155520000', '155520000', 58121, 245733, '', 'foobar', 'Port-Error', 'Framed-User', 'PPP', '127.0.0.15', 0, 0, ''),
(9001961, '00264C12', '9a7216fa030981d7', 'test@testing.com', '', '', '114.141.96.7', '', 'ISDN', '2015-10-27 03:25:07', '2015-10-27 20:54:38', 62972, 'RADIUS', '155520000', '155520000', 10662950, 14021787, '', 'foobar', 'Port-Error', 'Framed-User', 'PPP', '127.0.0.15', 0, 0, ''),
(9005221, '00264D13', '4ce4f0a1b2339dea', 'test@testing.com', '', '', '114.141.96.7', '', 'ISDN', '2015-10-27 21:04:58', '2015-10-27 21:07:58', 181, 'RADIUS', '155520000', '155520000', 5787, 53580, '', 'foobar', 'Port-Error', 'Framed-User', 'PPP', '127.0.0.15', 0, 0, ''),
(9005241, '00264D17', 'bed9086d3cf4fa0a', 'test@testing.com', '', '', '114.141.96.7', '', 'ISDN', '2015-10-27 21:12:44', '2015-10-27 21:22:04', 561, 'RADIUS', '155520000', '155520000', 45495, 208594, '', 'foobar', 'Port-Error', 'Framed-User', 'PPP', '127.0.0.15', 0, 0, ''),
(9005301, '00047B5E', '09f390a11bffbcdb', 'test@testing.com', '', '', '114.141.96.4', '', 'ISDN', '2015-10-27 21:28:34', '2015-10-28 20:00:43', 81130, 'RADIUS', '155520000', '155520000', 33681161, 45041975, '', 'foobar', 'Port-Error', 'Framed-User', 'PPP', '127.0.0.15', 0, 0, ''),
(9007941, '00047C6C', 'fba9787afdaa386b', 'test@testing.com', '', '', '114.141.96.4', '', 'ISDN', '2015-10-28 20:25:26', '2015-10-28 20:27:56', 150, 'RADIUS', '155520000', '155520000', 2899, 3663, '', 'foobar', 'Port-Error', 'Framed-User', 'PPP', '127.0.0.15', 0, 0, '3930:4235:'),
(9007961, '00264E55', '86c834b1c1821a00', 'test@testing.com', '', '', '114.141.96.7', '', 'ISDN', '2015-10-28 20:39:41', '2015-10-28 20:42:11', 150, 'RADIUS', '155520000', '155520000', 7241, 18962, '', 'foobar', 'Port-Error', 'Framed-User', 'PPP', '127.0.0.15', 0, 0, '3145:3346:'),
(9007981, '00264E59', '2b5c0adbfbb142ee', 'test@testing.com', '', '', '114.141.96.7', '', 'ISDN', '2015-10-28 20:55:41', '2015-10-28 20:58:01', 140, 'RADIUS', '155520000', '155520000', 4765, 43614, '', 'foobar', 'Port-Error', 'Framed-User', 'PPP', '127.0.0.15', 0, 0, '3942:3531:'),
(9008001, '00264E5E', '2c2243be4cbf5f5f', 'test@testing.com', '', '', '114.141.96.7', '', 'ISDN', '2015-10-28 21:05:43', '2015-10-28 21:07:33', 110, 'RADIUS', '155520000', '155520000', 4660, 33260, '', 'foobar', 'Port-Error', 'Framed-User', 'PPP', '127.0.0.15', 0, 0, '3842:3045:'),
(9008021, '00264E64', '0f59ae77e935ccf4', 'test@testing.com', '', '', '114.141.96.7', '', 'ISDN', '2015-10-28 21:25:24', '2015-10-28 21:27:54', 150, 'RADIUS', '155520000', '155520000', 6286, 45990, '', 'foobar', 'Port-Error', 'Framed-User', 'PPP', '127.0.0.15', 0, 0, '3833:4531:'),
(9008061, '00264E6C', '2bb6ba11706c5af7', 'test@testing.com', '', '', '114.141.96.7', '', 'ISDN', '2015-10-28 21:45:17', '2015-10-28 21:47:37', 141, 'RADIUS', '155520000', '155520000', 7491, 13024, '', 'foobar', 'Port-Error', 'Framed-User', 'PPP', '127.0.0.15', 0, 0, '4433:3937:'),
(9008091, '00264E70', 'e93bd61842c48469', 'test@testing.com', '', '', '114.141.96.7', '', 'ISDN', '2015-10-28 21:55:21', '2015-10-28 22:00:42', 321, 'RADIUS', '155520000', '155520000', 25039, 143700, '', 'foobar', 'Port-Error', 'Framed-User', 'PPP', '127.0.0.15', 0, 0, '4234:3634:'),
(9008171, '00264E7A', '1de677c5e4f6b93e', 'test@testing.com', '', '', '114.141.96.7', '', 'ISDN', '2015-10-28 22:24:45', '2015-10-28 22:29:06', 261, 'RADIUS', '155520000', '155520000', 7435, 80341, '', 'foobar', 'Port-Error', 'Framed-User', 'PPP', '127.0.0.15', 0, 0, '3442:3946:'),
(9008231, '00047C82', '1872b7b3ac5e026f', 'test@testing.com', '', '', '114.141.96.4', '', 'ISDN', '2015-10-28 22:49:57', '2015-10-28 22:54:18', 261, 'RADIUS', '155520000', '155520000', 8144, 28803, '', 'foobar', 'Port-Error', 'Framed-User', 'PPP', '127.0.0.15', 0, 0, '4641:3935:'),
(9008281, '00047C8C', '3d8cc52b9676870e', 'test@testing.com', '', '', '114.141.96.4', '', 'ISDN', '2015-10-28 23:22:45', '2015-10-28 23:25:06', 141, 'RADIUS', '155520000', '155520000', 5740, 44457, '', 'foobar', 'Port-Error', 'Framed-User', 'PPP', '127.0.0.15', 0, 0, '4441:3134:'),
(9008451, '00264EA6', 'b34cdd8529eaf9d9', 'test@testing.com', '', '', '114.141.96.7', '', 'ISDN', '2015-10-29 01:11:19', '2015-10-29 01:14:30', 191, 'RADIUS', '155520000', '155520000', 9914, 16301, '', 'foobar', 'Port-Error', 'Framed-User', 'PPP', '127.0.0.15', 0, 0, '3446:4130:'),
(9008471, '00264EAA', '5d6db90a5169c001', 'test@testing.com', '', '', '114.141.96.7', '', 'ISDN', '2015-10-29 01:27:26', '2015-10-29 01:32:57', 331, 'RADIUS', '155520000', '155520000', 18093, 130983, '', 'foobar', 'Port-Error', 'Framed-User', 'PPP', '127.0.0.15', 0, 0, '3730:3933:'),
(9008521, '00264EAF', '9fe71875a18f5d6f', 'test@testing.com', '', '', '114.141.96.7', '', 'ISDN', '2015-10-29 01:38:07', '2015-10-29 02:03:40', 1533, 'RADIUS', '155520000', '155520000', 101147, 591193, '', 'foobar', 'Port-Error', 'Framed-User', 'PPP', '127.0.0.15', 0, 0, '3545:3645:'),
(9008561, '00264EB7', '02b211820ae0565c', 'test@testing.com', '', '', '114.141.96.7', '', 'ISDN', '2015-10-29 02:08:27', '2015-10-29 19:57:18', 64134, 'RADIUS', '155520000', '155520000', 14409128, 18405757, '', 'foobar', 'Port-Error', 'Framed-User', 'PPP', '127.0.0.15', 0, 0, '3235:4643:'),
(9011411, '00264FC2', '75bd506f4ff58442', 'test@testing.com', '', '', '114.141.96.7', '', 'ISDN', '2015-10-29 20:12:20', '2015-10-29 21:06:55', 3275, 'RADIUS', '155520000', '155520000', 269957, 1044379, '', 'foobar', 'Port-Error', 'Framed-User', 'PPP', '127.0.0.15', 0, 0, '4230:3644:'),
(9011531, '00264FD5', '806c9c55f0dfaf9a', 'test@testing.com', '', '', '114.141.96.7', '', 'ISDN', '2015-10-29 21:14:20', '2015-10-29 21:15:50', 90, 'RADIUS', '155520000', '155520000', 5379, 29656, '', 'foobar', 'Port-Error', 'Framed-User', 'PPP', '127.0.0.15', 0, 0, '3241:4534:'),
(9011551, '00264FD7', 'd01cf9c919d997c1', 'test@testing.com', '', '', '114.141.96.7', '', 'ISDN', '2015-10-29 21:22:25', '2015-10-29 21:26:05', 221, 'RADIUS', '155520000', '155520000', 6764, 65262, '', 'foobar', 'Port-Error', 'Framed-User', 'PPP', '127.0.0.15', 0, 0, '3246:4338:'),
(9011591, '00264FDD', '644b883e6fb9f3ed', 'test@testing.com', '', '', '114.141.96.7', '', 'ISDN', '2015-10-29 21:31:10', '2015-10-29 21:35:39', 271, 'RADIUS', '155520000', '155520000', 18600, 95645, '', 'foobar', 'Port-Error', 'Framed-User', 'PPP', '127.0.0.15', 0, 0, '3335:4234:'),
(9011611, '00047DCF', '494743c893db2d7a', 'test@testing.com', '', '', '114.141.96.4', '', 'ISDN', '2015-10-29 21:40:29', '2015-10-29 21:47:00', 391, 'RADIUS', '155520000', '155520000', 23723, 148793, '', 'foobar', 'Port-Error', 'Framed-User', 'PPP', '127.0.0.15', 0, 0, '3233:4334:'),
(9011651, '00264FE3', '12a35ddde47b4cc7', 'test@testing.com', '', '', '114.141.96.7', '', 'ISDN', '2015-10-29 21:52:36', '2015-10-29 21:53:36', 60, 'RADIUS', '155520000', '155520000', 792, 9540, '', 'foobar', 'Port-Error', 'Framed-User', 'PPP', '127.0.0.15', 0, 0, '4638:3833:'),
(9011671, '00264FE7', 'ab5096f71851de80', 'test@testing.com', '', '', '114.141.96.7', '', 'ISDN', '2015-10-29 22:04:54', '2015-10-29 22:08:24', 211, 'RADIUS', '155520000', '155520000', 12952, 36886, '', 'foobar', 'Port-Error', 'Framed-User', 'PPP', '127.0.0.15', 0, 0, '3241:3631:'),
(9011691, '00264FEC', '5ee29ffbcf102919', 'test@testing.com', '', '', '114.141.96.7', '', 'ISDN', '2015-10-29 22:13:12', '2015-10-29 22:14:12', 60, 'RADIUS', '155520000', '155520000', 2435, 17106, '', 'foobar', 'Port-Error', 'Framed-User', 'PPP', '127.0.0.15', 0, 0, '3345:3241:'),
(9011701, '00264FF1', 'ef675c9e69bcb03e', 'test@testing.com', '', '', '114.141.96.7', '', 'ISDN', '2015-10-29 22:28:58', '2015-10-29 22:31:18', 141, 'RADIUS', '155520000', '155520000', 4107, 42332, '', 'foobar', 'Port-Error', 'Framed-User', 'PPP', '127.0.0.15', 0, 0, '3736:3431:'),
(9011711, '00264FF6', '4492879275b9ac64', 'test@testing.com', '', '', '114.141.96.7', '', 'ISDN', '2015-10-29 22:44:28', '2015-10-29 22:47:58', 211, 'RADIUS', '155520000', '155520000', 12385, 92396, '', 'foobar', 'Port-Error', 'Framed-User', 'PPP', '127.0.0.15', 0, 0, '3337:3036:'),
(9011731, '00264FFA', '7f7f891614f7e46b', 'test@testing.com', '', '', '114.141.96.7', '', 'ISDN', '2015-10-29 22:53:10', '2015-10-29 22:59:31', 381, 'RADIUS', '155520000', '155520000', 28068, 153369, '', 'foobar', 'Port-Error', 'Framed-User', 'PPP', '127.0.0.15', 0, 0, '3030:4539:'),
(9011751, '00264FFF', '1c91a90b38c18d59', 'test@testing.com', '', '', '114.141.96.7', '', 'ISDN', '2015-10-29 23:07:04', '2015-10-29 23:12:14', 311, 'RADIUS', '155520000', '155520000', 20526, 71977, '', 'foobar', 'Port-Error', 'Framed-User', 'PPP', '127.0.0.15', 0, 0, '3330:3246:'),
(9011761, '00265006', 'b5c355db3f451b3e', 'test@testing.com', '', '', '114.141.96.7', '', 'ISDN', '2015-10-29 23:27:35', '2015-10-29 23:30:45', 191, 'RADIUS', '155520000', '155520000', 6888, 58522, '', 'foobar', 'Port-Error', 'Framed-User', 'PPP', '127.0.0.15', 0, 0, '3339:4638:'),
(9011771, '0026500A', '280f2f7cc2c72cb8', 'test@testing.com', '', '', '114.141.96.7', '', 'ISDN', '2015-10-29 23:39:05', '2015-10-29 23:40:54', 111, 'RADIUS', '155520000', '155520000', 2579, 32261, '', 'foobar', 'Port-Error', 'Framed-User', 'PPP', '127.0.0.15', 0, 0, '4236:4133:'),
(9011781, '00265012', 'f7df95cacbec825a', 'test@testing.com', '', '', '114.141.96.7', '', 'ISDN', '2015-10-29 23:59:58', '2015-10-30 00:00:58', 60, 'RADIUS', '155520000', '155520000', 2563, 19295, '', 'foobar', 'Port-Error', 'Framed-User', 'PPP', '127.0.0.15', 0, 0, '3032:3646:'),
(9011791, '00265016', '072206b498505453', 'test@testing.com', '', '', '114.141.96.7', '', 'ISDN', '2015-10-30 00:05:40', '2015-10-30 00:19:11', 812, 'RADIUS', '155520000', '155520000', 54631, 181546, '', 'foobar', 'Port-Error', 'Framed-User', 'PPP', '127.0.0.15', 0, 0, '3033:4131:'),
(9011831, '00265020', '3f98c4b089d2456b', 'test@testing.com', '', '', '114.141.96.7', '', 'ISDN', '2015-10-30 00:28:54', '2015-10-30 00:31:34', 161, 'RADIUS', '155520000', '155520000', 8127, 53236, '', 'foobar', 'Port-Error', 'Framed-User', 'PPP', '127.0.0.15', 0, 0, '4433:4531:'),
(9011851, '00265023', '724cee3fea1a3b85', 'test@testing.com', '', '', '114.141.96.7', '', 'ISDN', '2015-10-30 00:36:38', '2015-10-30 00:39:38', 181, 'RADIUS', '155520000', '155520000', 11131, 87284, '', 'foobar', 'Port-Error', 'Framed-User', 'PPP', '127.0.0.15', 0, 0, '3646:3038:'),
(9011861, '00265028', 'd1cbdf558bc32cf2', 'test@testing.com', '', '', '114.141.96.7', '', 'ISDN', '2015-10-30 00:50:53', '2015-10-30 00:53:53', 180, 'RADIUS', '155520000', '155520000', 8805, 57677, '', 'foobar', 'Port-Error', 'Framed-User', 'PPP', '127.0.0.15', 0, 0, '4239:3734:'),
(9011931, '00047DE3', '6c205a64b739406e', 'test@testing.com', '', '', '114.141.96.4', '', 'ISDN', '2015-10-30 01:43:28', '2015-10-30 01:44:26', 61, 'RADIUS', '155520000', '155520000', 5091, 5142, '', 'foobar', 'Port-Error', 'Framed-User', 'PPP', '127.0.0.15', 0, 0, '3532:4345:'),
(9011961, '00047DE6', 'c21cec3aacb8c227', 'test@testing.com', '', '', '114.141.96.4', '', 'ISDN', '2015-10-30 01:52:18', '2015-10-30 01:53:58', 101, 'RADIUS', '155520000', '155520000', 4040, 31461, '', 'foobar', 'Port-Error', 'Framed-User', 'PPP', '127.0.0.15', 0, 0, '3231:4337:'),
(9011991, '00047DE8', 'b5d74f1f28d2ec6f', 'test@testing.com', '', '', '114.141.96.4', '', 'ISDN', '2015-10-30 02:01:00', '2015-10-30 19:58:43', 64664, 'RADIUS', '155520000', '155520000', 7490861, 10416411, '', 'foobar', 'Port-Error', 'Framed-User', 'PPP', '127.0.0.15', 0, 0, '4546:4544:'),
(9014021, '0026513E', 'c35ef9ae2070ec57', 'test@testing.com', '', '', '114.141.96.7', '', 'ISDN', '2015-10-30 20:13:02', '2015-10-30 20:15:32', 151, 'RADIUS', '155520000', '155520000', 6111, 46327, '', 'foobar', 'Port-Error', 'Framed-User', 'PPP', '127.0.0.15', 0, 0, '4133:3643:'),
(9014091, '00047ED0', 'cd1b8d5b1e4f210e', 'test@testing.com', '', '', '114.141.96.4', '', 'ISDN', '2015-10-30 20:20:10', '2015-10-30 20:24:00', 231, 'RADIUS', '155520000', '155520000', 6792, 71732, '', 'foobar', 'Port-Error', 'Framed-User', 'PPP', '127.0.0.15', 0, 0, '3636:3144:'),
(9014101, '00047ED4', 'c75b29178ab65211', 'test@testing.com', '', '', '114.141.96.4', '', 'ISDN', '2015-10-30 20:30:25', '2015-10-30 20:34:25', 241, 'RADIUS', '155520000', '155520000', 11025, 40773, '', 'foobar', 'Port-Error', 'Framed-User', 'PPP', '127.0.0.15', 0, 0, '3130:3130:'),
(9014471, '00047ED9', '2b9ca28f3fe2f98b', 'test@testing.com', '', '', '114.141.96.4', '', 'ISDN', '2015-10-30 20:41:01', '2015-10-30 20:45:41', 281, 'RADIUS', '155520000', '155520000', 12065, 85931, '', 'foobar', 'Port-Error', 'Framed-User', 'PPP', '127.0.0.15', 0, 0, '4241:3142:'),
(9014621, '00047EDD', 'd12524771f3839ce', 'test@testing.com', '', '', '114.141.96.4', '', 'ISDN', '2015-10-30 20:57:13', '2015-10-30 21:02:33', 321, 'RADIUS', '155520000', '155520000', 11180, 97737, '', 'foobar', 'Port-Error', 'Framed-User', 'PPP', '127.0.0.15', 0, 0, '3039:4145:'),
(9014671, '00047EE1', '96288b3908948b4f', 'test@testing.com', '', '', '114.141.96.4', '', 'ISDN', '2015-10-30 21:07:29', '2015-10-30 21:11:17', 231, 'RADIUS', '155520000', '155520000', 7271, 68968, '', 'foobar', 'Port-Error', 'Framed-User', 'PPP', '127.0.0.15', 0, 0, '3243:3939:'),
(9014691, '00047EE6', '19a6c267fd09cf02', 'test@testing.com', '', '', '114.141.96.4', '', 'ISDN', '2015-10-30 21:26:04', '2015-10-30 21:30:34', 271, 'RADIUS', '155520000', '155520000', 11161, 80800, '', 'foobar', 'Port-Error', 'Framed-User', 'PPP', '127.0.0.15', 0, 0, '3834:3046:'),
(9014731, '00047EE9', 'dc8d71ef1092f15f', 'test@testing.com', '', '', '114.141.96.4', '', 'ISDN', '2015-10-30 21:38:04', '2015-10-30 21:41:44', 221, 'RADIUS', '155520000', '155520000', 6270, 65305, '', 'foobar', 'Port-Error', 'Framed-User', 'PPP', '127.0.0.15', 0, 0, '3242:4334:'),
(9014751, '00265149', '2273f4ca3e89519b', 'test@testing.com', '', '', '114.141.96.7', '', 'ISDN', '2015-10-30 21:48:41', '2015-10-30 21:49:41', 60, 'RADIUS', '155520000', '155520000', 1860, 16470, '', 'foobar', 'Port-Error', 'Framed-User', 'PPP', '127.0.0.15', 0, 0, '4142:3831:'),
(9014771, '00047EEF', 'bc9e6c9556a5d815', 'test@testing.com', '', '', '114.141.96.4', '', 'ISDN', '2015-10-30 22:01:09', '2015-10-30 22:02:29', 80, 'RADIUS', '155520000', '155520000', 5352, 26090, '', 'foobar', 'Port-Error', 'Framed-User', 'PPP', '127.0.0.15', 0, 0, '4543:4434:'),
(9014791, '00047EF2', '7de703c5cb11f7ab', 'test@testing.com', '', '', '114.141.96.4', '', 'ISDN', '2015-10-30 22:11:48', '2015-10-30 22:16:28', 281, 'RADIUS', '155520000', '155520000', 12566, 88305, '', 'foobar', 'Port-Error', 'Framed-User', 'PPP', '127.0.0.15', 0, 0, '4133:4242:'),
(9014861, '00047F06', '3b87370ea6638ae0', 'test@testing.com', '', '', '114.141.96.4', '', 'ISDN', '2015-10-30 23:08:44', '2015-10-30 23:09:44', 61, 'RADIUS', '155520000', '155520000', 9195, 8694, '', 'foobar', 'Port-Error', 'Framed-User', 'PPP', '127.0.0.15', 0, 0, '3835:4238:'),
(9014881, '00047F0C', '4aabfd13badd2993', 'test@testing.com', '', '', '114.141.96.4', '', 'ISDN', '2015-10-30 23:33:54', '2015-10-30 23:36:54', 181, 'RADIUS', '155520000', '155520000', 7750, 37399, '', 'foobar', 'Port-Error', 'Framed-User', 'PPP', '127.0.0.15', 0, 0, '3535:3546:'),
(9014891, '00265158', 'c7f047faa0a0eb83', 'test@testing.com', '', '', '114.141.96.7', '', 'ISDN', '2015-10-31 00:20:00', '2015-10-31 00:21:40', 101, 'RADIUS', '155520000', '155520000', 4493, 31982, '', 'foobar', 'Port-Error', 'Framed-User', 'PPP', '127.0.0.15', 0, 0, '3731:4330:'),
(9014911, '00047F17', '899303f09180debc', 'test@testing.com', '', '', '114.141.96.4', '', 'ISDN', '2015-10-31 00:26:44', '2015-10-31 00:31:34', 291, 'RADIUS', '155520000', '155520000', 11561, 95818, '', 'foobar', 'Port-Error', 'Framed-User', 'PPP', '127.0.0.15', 0, 0, '4531:3330:'),
(9014931, '0026515D', '7d094d61967bb3f3', 'test@testing.com', '', '', '114.141.96.7', '', 'ISDN', '2015-10-31 00:36:28', '2015-10-31 00:39:28', 181, 'RADIUS', '155520000', '155520000', 13212, 36743, '', 'foobar', 'Port-Error', 'Framed-User', 'PPP', '127.0.0.15', 0, 0, '4339:3138:'),
(9014951, '0026515F', 'cae83c22fd8731d2', 'test@testing.com', '', '', '114.141.96.7', '', 'ISDN', '2015-10-31 00:48:13', '2015-10-31 01:33:57', 2745, 'RADIUS', '155520000', '155520000', 257855, 1008106, '', 'foobar', 'Port-Error', 'Framed-User', 'PPP', '127.0.0.15', 0, 0, '3546:3732:'),
(9015011, '00047F2B', '13cc78300177ce19', 'test@testing.com', '', '', '114.141.96.4', '', 'ISDN', '2015-10-31 01:39:07', '2015-10-31 19:45:01', 65155, 'RADIUS', '155520000', '155520000', 4193085, 5552982, '', 'foobar', 'Port-Error', 'Framed-User', 'PPP', '127.0.0.15', 0, 0, '3341:3233:'),
(9017161, '0004802A', '6b82770d5c5f3687', 'test@testing.com', '', '', '114.141.96.4', '', 'ISDN', '2015-10-31 19:49:21', '2015-10-31 19:52:41', 201, 'RADIUS', '155520000', '155520000', 11631, 71080, '', 'foobar', 'Port-Error', 'Framed-User', 'PPP', '127.0.0.15', 0, 0, '4233:3037:'),
(9017211, '00048034', '556486078c0c37ab', 'test@testing.com', '', '', '114.141.96.4', '', 'ISDN', '2015-10-31 20:00:17', '2015-10-31 21:31:56', 5499, 'RADIUS', '155520000', '155520000', 409201, 889779, '', 'foobar', 'Port-Error', 'Framed-User', 'PPP', '127.0.0.15', 0, 0, '3831:3146:'),
(9017401, '00048049', '08ea08a58be410e8', 'test@testing.com', '', '', '114.141.96.4', '', 'ISDN', '2015-10-31 21:32:39', '2015-10-31 21:33:39', 60, 'RADIUS', '155520000', '155520000', 6497, 36172, '', 'foobar', 'Port-Error', 'Framed-User', 'PPP', '127.0.0.15', 0, 0, '3343:3238:'),
(9017421, '0026523E', 'dcd79ae4b1b3973f', 'test@testing.com', '', '', '114.141.96.7', '', 'ISDN', '2015-10-31 21:38:23', '2015-10-31 21:40:11', 110, 'RADIUS', '155520000', '155520000', 9959, 53055, '', 'foobar', 'Port-Error', 'Framed-User', 'PPP', '127.0.0.15', 0, 0, '3532:4235:'),
(9017431, '0004804B', '0535ff15ed046d97', 'test@testing.com', '', '', '114.141.96.4', '', 'ISDN', '2015-10-31 21:44:33', '2015-10-31 22:07:05', 1352, 'RADIUS', '155520000', '155520000', 114721, 489275, '', 'foobar', 'Port-Error', 'Framed-User', 'PPP', '127.0.0.15', 0, 0, '3833:3838:'),
(9017491, '0026524A', 'c563d6218db23a04', 'test@testing.com', '', '', '114.141.96.7', '', 'ISDN', '2015-10-31 22:13:42', '2015-10-31 22:21:33', 471, 'RADIUS', '155520000', '155520000', 39878, 152861, '', 'foobar', 'Port-Error', 'Framed-User', 'PPP', '127.0.0.15', 0, 0, '4130:3444:'),
(9017521, '00265252', '853e50be23c455b0', 'test@testing.com', '', '', '114.141.96.7', '', 'ISDN', '2015-10-31 22:26:30', '2015-10-31 22:29:01', 151, 'RADIUS', '155520000', '155520000', 13155, 53540, '', 'foobar', 'Port-Error', 'Framed-User', 'PPP', '127.0.0.15', 0, 0, '3335:4432:');
INSERT INTO `radacct` (`radacctid`, `acctsessionid`, `acctuniqueid`, `UserName`, `GroupName`, `realm`, `NASIPAddress`, `NASPortId`, `nasporttype`, `AcctStartTime`, `AcctStopTime`, `AcctSessionTime`, `acctauthentic`, `connectinfo_start`, `connectinfo_stop`, `AcctInputOctets`, `AcctOutputOctets`, `CalledStationId`, `CallingStationId`, `acctterminatecause`, `servicetype`, `framedprotocol`, `FramedIPAddress`, `acctstartdelay`, `acctstopdelay`, `xascendsessionsvrkey`) VALUES
(9017531, '00265255', '8ee7a2d7f3012247', 'test@testing.com', '', '', '114.141.96.7', '', 'ISDN', '2015-10-31 22:34:12', '2015-10-31 22:38:23', 251, 'RADIUS', '155520000', '155520000', 22738, 102149, '', 'foobar', 'Port-Error', 'Framed-User', 'PPP', '127.0.0.15', 0, 0, '3730:3235:'),
(9017541, '00048052', '357f4c2e95186d09', 'test@testing.com', '', '', '114.141.96.4', '', 'ISDN', '2015-10-31 22:44:46', '2015-10-31 22:57:58', 792, 'RADIUS', '155520000', '155520000', 56127, 322099, '', 'foobar', 'Port-Error', 'Framed-User', 'PPP', '127.0.0.15', 0, 0, '3033:3243:'),
(9017551, '0026525A', 'f04dcad360a2f0e6', 'test@testing.com', '', '', '114.141.96.7', '', 'ISDN', '2015-10-31 23:04:18', '2015-10-31 23:10:29', 371, 'RADIUS', '155520000', '155520000', 31075, 163650, '', 'foobar', 'Port-Error', 'Framed-User', 'PPP', '127.0.0.15', 0, 0, '3332:4641:'),
(9017581, '0026525F', '8577ac829cd26ca0', 'test@testing.com', '', '', '114.141.96.7', '', 'ISDN', '2015-10-31 23:16:38', '2015-10-31 23:23:29', 411, 'RADIUS', '155520000', '155520000', 29922, 111829, '', 'foobar', 'Port-Error', 'Framed-User', 'PPP', '127.0.0.15', 0, 0, '4646:4343:'),
(9017591, '0004805C', '79e305786929aaa7', 'test@testing.com', '', '', '114.141.96.4', '', 'ISDN', '2015-10-31 23:27:52', '2015-10-31 23:29:12', 81, 'RADIUS', '155520000', '155520000', 4692, 26047, '', 'foobar', 'Port-Error', 'Framed-User', 'PPP', '127.0.0.15', 0, 0, '3038:4335:'),
(9017601, '0004805F', '59457770973e89db', 'test@testing.com', '', '', '114.141.96.4', '', 'ISDN', '2015-10-31 23:36:13', '2015-10-31 23:38:04', 111, 'RADIUS', '155520000', '155520000', 9707, 38912, '', 'foobar', 'Port-Error', 'Framed-User', 'PPP', '127.0.0.15', 0, 0, '4545:3335:'),
(9017611, '00048062', '116c63be59fd2af5', 'test@testing.com', '', '', '114.141.96.4', '', 'ISDN', '2015-10-31 23:43:34', '2015-10-31 23:45:55', 141, 'RADIUS', '155520000', '155520000', 2972, 42350, '', 'foobar', 'Port-Error', 'Framed-User', 'PPP', '127.0.0.15', 0, 0, '3345:3844:'),
(9017631, '0026526A', '817f31a6432322bd', 'test@testing.com', '', '', '114.141.96.7', '', 'ISDN', '2015-11-01 00:06:29', '2015-11-01 00:08:10', 101, 'RADIUS', '155520000', '155520000', 3251, 29484, '', 'foobar', 'Port-Error', 'Framed-User', 'PPP', '127.0.0.15', 0, 0, '4346:3645:'),
(9017671, '0004806C', '645dbcb06c128a3c', 'test@testing.com', '', '', '114.141.96.4', '', 'ISDN', '2015-11-01 00:30:34', '2015-11-01 00:32:15', 101, 'RADIUS', '155520000', '155520000', 5239, 5451, '', 'foobar', 'Port-Error', 'Framed-User', 'PPP', '127.0.0.15', 0, 0, '4642:3731:'),
(9017731, '00048077', 'a89be8f1c1cb1b80', 'test@testing.com', '', '', '114.141.96.4', '', 'ISDN', '2015-11-01 01:16:17', '2015-11-01 01:17:18', 61, 'RADIUS', '155520000', '155520000', 1968, 16124, '', 'foobar', 'Port-Error', 'Framed-User', 'PPP', '127.0.0.15', 0, 0, '4138:3036:'),
(9017751, '0004807A', 'd037dd91410cebc0', 'test@testing.com', '', '', '114.141.96.4', '', 'ISDN', '2015-11-01 01:24:25', '2015-11-01 01:28:46', 261, 'RADIUS', '155520000', '155520000', 7505, 78481, '', 'foobar', 'Port-Error', 'Framed-User', 'PPP', '127.0.0.15', 0, 0, '4636:3636:'),
(9017791, '0004807F', '62d9ed19bc5abe6f', 'test@testing.com', '', '', '114.141.96.4', '', 'ISDN', '2015-11-01 01:44:06', '2015-11-01 01:45:26', 80, 'RADIUS', '155520000', '155520000', 5122, 10935, '', 'foobar', 'Port-Error', 'Framed-User', 'PPP', '127.0.0.15', 0, 0, '4637:3346:'),
(9017811, '00048083', '75ffdf4b1dc8212e', 'test@testing.com', '', '', '114.141.96.4', '', 'ISDN', '2015-11-01 01:52:58', '2015-11-01 01:57:28', 270, 'RADIUS', '155520000', '155520000', 18409, 111708, '', 'foobar', 'Port-Error', 'Framed-User', 'PPP', '127.0.0.15', 0, 0, '4432:3237:'),
(9017851, '00265281', '00309e953c031ca4', 'test@testing.com', '', '', '114.141.96.7', '', 'ISDN', '2015-11-01 02:06:01', '2015-11-01 02:11:31', 330, 'RADIUS', '155520000', '155520000', 18450, 114554, '', 'foobar', 'Port-Error', 'Framed-User', 'PPP', '127.0.0.15', 0, 0, '3635:3943:'),
(9017901, '00265286', 'b47da67cd727d871', 'test@testing.com', '', '', '114.141.96.7', '', 'ISDN', '2015-11-01 02:24:12', '2015-11-01 02:26:32', 140, 'RADIUS', '155520000', '155520000', 3983, 38305, '', 'foobar', 'Port-Error', 'Framed-User', 'PPP', '127.0.0.15', 0, 0, '3235:3130:'),
(9017921, '0004808F', '42d99b5cb2e524ac', 'test@testing.com', '', '', '114.141.96.4', '', 'ISDN', '2015-11-01 02:34:12', '2015-11-01 03:23:16', 2944, 'RADIUS', '155520000', '155520000', 203126, 599173, '', 'foobar', 'Port-Error', 'Framed-User', 'PPP', '127.0.0.15', 0, 0, '4441:3546:'),
(9018021, '00265296', '52cc38aba5b05447', 'test@testing.com', '', '', '114.141.96.7', '', 'ISDN', '2015-11-01 03:28:53', '2015-11-01 03:31:23', 150, 'RADIUS', '155520000', '155520000', 15917, 56609, '', 'foobar', 'Port-Error', 'Framed-User', 'PPP', '127.0.0.15', 0, 0, '4539:3242:'),
(9018041, '0004809E', 'c97d6a4e6300fd6b', 'test@testing.com', '', '', '114.141.96.4', '', 'ISDN', '2015-11-01 03:34:47', '2015-11-01 03:39:37', 290, 'RADIUS', '155520000', '155520000', 20595, 117456, '', 'foobar', 'Port-Error', 'Framed-User', 'PPP', '127.0.0.15', 0, 0, '3539:3838:'),
(9018061, '0026529A', '9168b9dd868db109', 'test@testing.com', '', '', '114.141.96.7', '', 'ISDN', '2015-11-01 03:45:54', '2015-11-01 03:49:04', 190, 'RADIUS', '155520000', '155520000', 9307, 15376, '', 'foobar', 'Port-Error', 'Framed-User', 'PPP', '127.0.0.15', 0, 0, '3333:4234:'),
(9018081, '0026529D', '7930c7dbaaa4181a', 'test@testing.com', '', '', '114.141.96.7', '', 'ISDN', '2015-11-01 03:53:53', '2015-11-01 19:33:43', 56390, 'RADIUS', '155520000', '155520000', 3769691, 5554246, '', 'foobar', 'Port-Error', 'Framed-User', 'PPP', '127.0.0.15', 0, 0, '3141:4346:'),
(9019251, '0026535C', '16c9af94be993267', 'test@testing.com', '', '', '114.141.96.7', '', 'ISDN', '2015-11-01 19:39:17', '2015-11-01 19:47:18', 481, 'RADIUS', '155520000', '155520000', 34958, 186199, '', 'foobar', 'Port-Error', 'Framed-User', 'PPP', '127.0.0.15', 0, 0, '3231:4333:'),
(9019261, '00265360', '561c34e8ffff9334', 'test@testing.com', '', '', '114.141.96.7', '', 'ISDN', '2015-11-01 19:52:15', '2015-11-01 21:02:32', 4217, 'RADIUS', '155520000', '155520000', 357785, 984553, '', 'foobar', 'Port-Error', 'Framed-User', 'PPP', '127.0.0.15', 0, 0, '4636:3942:'),
(9019351, '0026536E', '897d049339721bda', 'test@testing.com', '', '', '114.141.96.7', '', 'ISDN', '2015-11-01 21:07:44', '2015-11-01 21:21:15', 811, 'RADIUS', '155520000', '155520000', 59180, 316109, '', 'foobar', 'Port-Error', 'Framed-User', 'PPP', '127.0.0.15', 0, 0, '4136:3735:'),
(9019381, '00265372', '89a2800cab45e216', 'test@testing.com', '', '', '114.141.96.7', '', 'ISDN', '2015-11-01 21:24:57', '2015-11-01 21:25:57', 60, 'RADIUS', '155520000', '155520000', 7242, 24519, '', 'foobar', 'Port-Error', 'Framed-User', 'PPP', '127.0.0.15', 0, 0, '3744:3037:'),
(9019431, '00265376', '278debc2f247a98c', 'test@testing.com', '', '', '114.141.96.7', '', 'ISDN', '2015-11-01 21:36:23', '2015-11-01 22:38:29', 3726, 'RADIUS', '155520000', '155520000', 262941, 432606, '', 'foobar', 'Port-Error', 'Framed-User', 'PPP', '127.0.0.15', 0, 0, '4235:3539:'),
(9019491, '0026537F', '72f03fa7833967e4', 'test@testing.com', '', '', '114.141.96.7', '', 'ISDN', '2015-11-01 22:39:13', '2015-11-01 23:47:40', 4107, 'RADIUS', '155520000', '155520000', 375799, 1347150, '', 'foobar', 'Port-Error', 'Framed-User', 'PPP', '127.0.0.15', 0, 0, '3130:3234:'),
(9019511, '00265389', 'f8be4c8415c026c5', 'test@testing.com', '', '', '114.141.96.7', '', 'ISDN', '2015-11-01 23:52:17', '2015-11-02 01:01:34', 4157, 'RADIUS', '155520000', '155520000', 344433, 1167752, '', 'foobar', 'Port-Error', 'Framed-User', 'PPP', '127.0.0.15', 0, 0, '3741:3633:'),
(9019611, '000481BA', 'b374b4e11aeab9a6', 'test@testing.com', '', '', '114.141.96.4', '', 'ISDN', '2015-11-02 01:06:33', '2015-11-02 01:07:43', 70, 'RADIUS', '155520000', '155520000', 8640, 36207, '', 'foobar', 'Port-Error', 'Framed-User', 'PPP', '127.0.0.15', 0, 0, '3838:3445:'),
(9019621, '00265396', 'aa969a0e624da5af', 'test@testing.com', '', '', '114.141.96.7', '', 'ISDN', '2015-11-02 01:14:15', '2015-11-02 01:17:15', 181, 'RADIUS', '155520000', '155520000', 5898, 52712, '', 'foobar', 'Port-Error', 'Framed-User', 'PPP', '127.0.0.15', 0, 0, '3936:3737:'),
(9019641, '00265398', 'bbcc4d127e24448f', 'test@testing.com', '', '', '114.141.96.7', '', 'ISDN', '2015-11-02 01:24:56', '2015-11-02 01:33:07', 490, 'RADIUS', '155520000', '155520000', 25247, 165538, '', 'foobar', 'Port-Error', 'Framed-User', 'PPP', '127.0.0.15', 0, 0, '4246:3646:'),
(9019661, '000481BF', 'f6cfa3cae112f09d', 'test@testing.com', '', '', '114.141.96.4', '', 'ISDN', '2015-11-02 01:37:08', '2015-11-02 01:41:08', 240, 'RADIUS', '155520000', '155520000', 15991, 30542, '', 'foobar', 'Port-Error', 'Framed-User', 'PPP', '127.0.0.15', 0, 0, '3644:3333:'),
(9019691, '0026539F', 'a3ffb161fdca81f8', 'test@testing.com', '', '', '114.141.96.7', '', 'ISDN', '2015-11-02 01:45:49', '2015-11-02 02:08:51', 1382, 'RADIUS', '155520000', '155520000', 135224, 497326, '', 'foobar', 'Port-Error', 'Framed-User', 'PPP', '127.0.0.15', 0, 0, '4237:3644:'),
(9019761, '000481C9', '48f385905c15d0df', 'test@testing.com', '', '', '114.141.96.4', '', 'ISDN', '2015-11-02 02:13:03', '2015-11-02 02:24:44', 701, 'RADIUS', '155520000', '155520000', 39641, 250715, '', 'foobar', 'Port-Error', 'Framed-User', 'PPP', '127.0.0.15', 0, 0, '3735:4330:'),
(9019841, '000481D8', '20a845cb708a1d70', 'test@testing.com', '', '', '114.141.96.4', '', 'ISDN', '2015-11-02 02:33:45', '2015-11-02 02:35:25', 100, 'RADIUS', '155520000', '155520000', 2595, 25455, '', 'foobar', 'Port-Error', 'Framed-User', 'PPP', '127.0.0.15', 0, 0, '3137:4645:'),
(9019901, '000481E3', 'b18b7f3f5c66e4ba', 'test@testing.com', '', '', '114.141.96.4', '', 'ISDN', '2015-11-02 02:41:42', '2015-11-02 02:44:12', 150, 'RADIUS', '155520000', '155520000', 7316, 19088, '', 'foobar', 'Port-Error', 'Framed-User', 'PPP', '127.0.0.15', 0, 0, '4342:4635:'),
(9019931, '000481EA', '4b1a96184b036c0b', 'test@testing.com', '', '', '114.141.96.4', '', 'ISDN', '2015-11-02 02:50:29', '2015-11-02 02:54:19', 230, 'RADIUS', '155520000', '155520000', 7805, 71629, '', 'foobar', 'Port-Error', 'Framed-User', 'PPP', '127.0.0.15', 0, 0, '3137:3346:'),
(9019991, '000481F4', '5bd41b33c0b8d16c', 'test@testing.com', '', '', '114.141.96.4', '', 'ISDN', '2015-11-02 03:04:13', '2015-11-02 03:15:24', 671, 'RADIUS', '155520000', '155520000', 33769, 260257, '', 'foobar', 'Port-Error', 'Framed-User', 'PPP', '127.0.0.15', 0, 0, '4532:4337:'),
(9020041, '000481FC', '1e784aad2ab1e08f', 'test@testing.com', '', '', '114.141.96.4', '', 'ISDN', '2015-11-02 03:23:58', '2015-11-02 03:25:38', 100, 'RADIUS', '155520000', '155520000', 4979, 31303, '', 'foobar', 'Port-Error', 'Framed-User', 'PPP', '127.0.0.15', 0, 0, '3130:3739:'),
(9020061, '000481FF', 'f39421e2754e80bb', 'test@testing.com', '', '', '114.141.96.4', '', 'ISDN', '2015-11-02 03:30:42', '2015-11-02 03:34:02', 200, 'RADIUS', '155520000', '155520000', 6527, 61958, '', 'foobar', 'Port-Error', 'Framed-User', 'PPP', '127.0.0.15', 0, 0, '3035:4244:'),
(9020091, '002653B8', '131c0a15740ea0d6', 'test@testing.com', '', '', '114.141.96.7', '', 'ISDN', '2015-11-02 03:43:42', '2015-11-02 03:47:02', 200, 'RADIUS', '155520000', '155520000', 11878, 15652, '', 'foobar', 'Port-Error', 'Framed-User', 'PPP', '127.0.0.15', 0, 0, '3237:3137:'),
(9020111, '00048204', '2d060526a77ab843', 'test@testing.com', '', '', '114.141.96.4', '', 'ISDN', '2015-11-02 03:52:08', '2015-11-02 03:53:38', 90, 'RADIUS', '155520000', '155520000', 8579, 34693, '', 'foobar', 'Port-Error', 'Framed-User', 'PPP', '127.0.0.15', 0, 0, '3231:4646:'),
(9020131, '00048206', 'dd1e74aed4aabe3f', 'test@testing.com', '', '', '114.141.96.4', '', 'ISDN', '2015-11-02 03:59:17', '2015-11-02 04:01:35', 140, 'RADIUS', '155520000', '155520000', 10250, 66331, '', 'foobar', 'Port-Error', 'Framed-User', 'PPP', '127.0.0.15', 0, 0, '4135:3541:'),
(9020141, '00048209', '7081798284e1ade3', 'test@testing.com', '', '', '114.141.96.4', '', 'ISDN', '2015-11-02 04:06:19', '2015-11-02 04:07:19', 60, 'RADIUS', '155520000', '155520000', 2759, 17126, '', 'foobar', 'Port-Error', 'Framed-User', 'PPP', '127.0.0.15', 0, 0, '4230:3136:'),
(9020161, '002653C1', '9b4a0991d4b40006', 'test@testing.com', '', '', '114.141.96.7', '', 'ISDN', '2015-11-02 04:13:53', '2015-11-02 04:16:13', 140, 'RADIUS', '155520000', '155520000', 3243, 42354, '', 'foobar', 'Port-Error', 'Framed-User', 'PPP', '127.0.0.15', 0, 0, '3838:3744:'),
(9020181, '0004820B', '1b4e748bdab1b5ec', 'test@testing.com', '', '', '114.141.96.4', '', 'ISDN', '2015-11-02 04:23:37', '2015-11-02 04:25:57', 140, 'RADIUS', '155520000', '155520000', 4232, 41289, '', 'foobar', 'Port-Error', 'Framed-User', 'PPP', '127.0.0.15', 0, 0, '3838:3946:'),
(9020231, '002653CB', '8e0f349ea5659be0', 'test@testing.com', '', '', '114.141.96.7', '', 'ISDN', '2015-11-02 05:08:54', '2015-11-02 05:12:35', 220, 'RADIUS', '155520000', '155520000', 8775, 16584, '', 'foobar', 'Port-Error', 'Framed-User', 'PPP', '127.0.0.15', 0, 0, '3738:3336:'),
(9020291, '0004821A', '03f20fb81ff8f8ae', 'test@testing.com', '', '', '114.141.96.4', '', 'ISDN', '2015-11-02 05:45:02', '2015-11-02 05:48:23', 200, 'RADIUS', '155520000', '155520000', 16846, 82130, '', 'foobar', 'Port-Error', 'Framed-User', 'PPP', '127.0.0.15', 0, 0, '4538:4630:'),
(9020311, '002653D4', '0abde62a076f1eac', 'test@testing.com', '', '', '114.141.96.7', '', 'ISDN', '2015-11-02 05:54:01', '2015-11-02 19:52:32', 50311, 'RADIUS', '155520000', '155520000', 27679826, 33923775, '', 'foobar', 'Port-Error', 'Framed-User', 'PPP', '127.0.0.15', 0, 0, '4531:3230:'),
(9022291, '00048305', 'c1c2271a9b3b073a', 'test@testing.com', '', '', '114.141.96.4', '', 'ISDN', '2015-11-02 19:57:45', '2015-11-02 21:21:13', 5008, 'RADIUS', '155520000', '155520000', 343956, 517906, '', 'foobar', 'Port-Error', 'Framed-User', 'PPP', '127.0.0.15', 0, 0, '4431:4144:'),
(9022401, '00265487', '581c27f33eb99103', 'test@testing.com', '', '', '114.141.96.7', '', 'ISDN', '2015-11-02 21:26:26', '2015-11-02 21:33:36', 431, 'RADIUS', '155520000', '155520000', 39728, 157065, '', 'foobar', 'Port-Error', 'Framed-User', 'PPP', '127.0.0.15', 0, 0, '4646:3941:'),
(9022421, '0004831D', 'e8eef97e199e0831', 'test@testing.com', '', '', '114.141.96.4', '', 'ISDN', '2015-11-02 21:38:46', '2015-11-02 21:55:17', 992, 'RADIUS', '155520000', '155520000', 83289, 377957, '', 'foobar', 'Port-Error', 'Framed-User', 'PPP', '127.0.0.15', 0, 0, '4532:3230:'),
(9022461, '00048322', '38087105ccf8b96c', 'test@testing.com', '', '', '114.141.96.4', '', 'ISDN', '2015-11-02 22:00:00', '2015-11-03 00:02:11', 7332, 'RADIUS', '155520000', '155520000', 488167, 801878, '', 'foobar', 'Port-Error', 'Framed-User', 'PPP', '127.0.0.15', 0, 0, '3144:3041:'),
(9022581, '00048344', '9b8ba5b80da749cc', 'test@testing.com', '', '', '114.141.96.4', '', 'ISDN', '2015-11-03 00:06:36', '2015-11-03 00:17:27', 651, 'RADIUS', '155520000', '155520000', 57536, 233042, '', 'foobar', 'Port-Error', 'Framed-User', 'PPP', '127.0.0.15', 0, 0, '4142:3634:'),
(9022601, '0004834A', '465e6d168e5f1d7a', 'test@testing.com', '', '', '114.141.96.4', '', 'ISDN', '2015-11-03 00:22:27', '2015-11-03 00:55:10', 1963, 'RADIUS', '155520000', '155520000', 202685, 727793, '', 'foobar', 'Port-Error', 'Framed-User', 'PPP', '127.0.0.15', 0, 0, '3144:3833:'),
(9022721, '0004835C', 'c6b067e2e4d93bfc', 'test@testing.com', '', '', '114.141.96.4', '', 'ISDN', '2015-11-03 01:00:20', '2015-11-03 01:03:30', 191, 'RADIUS', '155520000', '155520000', 9807, 20964, '', 'foobar', 'Port-Error', 'Framed-User', 'PPP', '127.0.0.15', 0, 0, '3046:3844:'),
(9022741, '002654A3', 'c45ad9b69f5c6a19', 'test@testing.com', '', '', '114.141.96.7', '', 'ISDN', '2015-11-03 01:08:34', '2015-11-03 01:15:44', 431, 'RADIUS', '155520000', '155520000', 36056, 164748, '', 'foobar', 'Port-Error', 'Framed-User', 'PPP', '127.0.0.15', 0, 0, '3038:4145:'),
(9022761, '00048362', 'b659e80a31ee31ea', 'test@testing.com', '', '', '114.141.96.4', '', 'ISDN', '2015-11-03 01:20:36', '2015-11-03 02:12:41', 3125, 'RADIUS', '155520000', '155520000', 258371, 982230, '', 'foobar', 'Port-Error', 'Framed-User', 'PPP', '127.0.0.15', 0, 0, '4342:3038:'),
(9022901, '0004836E', '8fae6d3bd63b47d5', 'test@testing.com', '', '', '114.141.96.4', '', 'ISDN', '2015-11-03 02:18:27', '2015-11-03 02:32:48', 861, 'RADIUS', '155520000', '155520000', 75270, 302913, '', 'foobar', 'Port-Error', 'Framed-User', 'PPP', '127.0.0.15', 0, 0, '3831:4244:'),
(9022941, '002654B2', 'c4d05272b79f2a35', 'test@testing.com', '', '', '114.141.96.7', '', 'ISDN', '2015-11-03 02:39:36', '2015-11-03 02:41:46', 130, 'RADIUS', '155520000', '155520000', 4399, 39467, '', 'foobar', 'Port-Error', 'Framed-User', 'PPP', '127.0.0.15', 0, 0, '3336:4341:'),
(9022951, '00048375', '9f8b5a9ae0cf5e32', 'test@testing.com', '', '', '114.141.96.4', '', 'ISDN', '2015-11-03 02:45:48', '2015-11-03 02:56:09', 621, 'RADIUS', '155520000', '155520000', 53992, 240962, '', 'foobar', 'Port-Error', 'Framed-User', 'PPP', '127.0.0.15', 0, 0, '4646:3737:'),
(9023021, '002654BC', '1a02e3ba71be2ae8', 'test@testing.com', '', '', '114.141.96.7', '', 'ISDN', '2015-11-03 03:01:19', '2015-11-03 03:02:59', 100, 'RADIUS', '155520000', '155520000', 10143, 9650, '', 'foobar', 'Port-Error', 'Framed-User', 'PPP', '127.0.0.15', 0, 0, '3744:4635:'),
(9023041, '0004837C', 'd490c0763b2b9192', 'test@testing.com', '', '', '114.141.96.4', '', 'ISDN', '2015-11-03 03:08:03', '2015-11-03 03:13:33', 330, 'RADIUS', '155520000', '155520000', 10204, 55240, '', 'foobar', 'Port-Error', 'Framed-User', 'PPP', '127.0.0.15', 0, 0, '4332:4131:'),
(9023071, '00048381', 'e947517cc84efb0f', 'test@testing.com', '', '', '114.141.96.4', '', 'ISDN', '2015-11-03 03:17:32', '2015-11-03 03:34:43', 1031, 'RADIUS', '155520000', '155520000', 64617, 398291, '', 'foobar', 'Port-Error', 'Framed-User', 'PPP', '127.0.0.15', 0, 0, '4442:3032:'),
(9023131, '002654C5', '568460ed4746b7c7', 'test@testing.com', '', '', '114.141.96.7', '', 'ISDN', '2015-11-03 03:39:42', '2015-11-03 03:44:02', 260, 'RADIUS', '155520000', '155520000', 17476, 102424, '', 'foobar', 'Port-Error', 'Framed-User', 'PPP', '127.0.0.15', 0, 0, '4445:3939:'),
(9023141, '002654C8', '67ca6a23b5569e8b', 'test@testing.com', '', '', '114.141.96.7', '', 'ISDN', '2015-11-03 03:48:58', '2015-11-03 03:58:07', 550, 'RADIUS', '155520000', '155520000', 43638, 204886, '', 'foobar', 'Port-Error', 'Framed-User', 'PPP', '127.0.0.15', 0, 0, '4532:4232:'),
(9023191, '0004838D', '132c500d241fe18e', 'test@testing.com', '', '', '114.141.96.4', '', 'ISDN', '2015-11-03 04:07:01', '2015-11-03 04:14:01', 420, 'RADIUS', '155520000', '155520000', 34821, 110617, '', 'foobar', 'Port-Error', 'Framed-User', 'PPP', '127.0.0.15', 0, 0, '3238:3237:'),
(9023201, '002654D2', 'a544caa1921a5dd5', 'test@testing.com', '', '', '114.141.96.7', '', 'ISDN', '2015-11-03 04:23:35', '2015-11-03 04:25:25', 110, 'RADIUS', '155520000', '155520000', 3671, 31526, '', 'foobar', 'Port-Error', 'Framed-User', 'PPP', '127.0.0.15', 0, 0, '3734:4231:'),
(9023241, '00048394', '872a356e2802ea16', 'test@testing.com', '', '', '114.141.96.4', '', 'ISDN', '2015-11-03 04:40:42', '2015-11-03 04:42:32', 110, 'RADIUS', '155520000', '155520000', 3176, 31772, '', 'foobar', 'Port-Error', 'Framed-User', 'PPP', '127.0.0.15', 0, 0, '4533:3939:'),
(9023271, '002654D9', 'ba2b3a08dc0bc788', 'test@testing.com', '', '', '114.141.96.7', '', 'ISDN', '2015-11-03 04:52:09', '2015-11-03 04:57:29', 320, 'RADIUS', '155520000', '155520000', 11201, 96769, '', 'foobar', 'Port-Error', 'Framed-User', 'PPP', '127.0.0.15', 0, 0, '4638:3730:'),
(9023311, '0004839F', '5a86a47bb9dd25a0', 'test@testing.com', '', '', '114.141.96.4', '', 'ISDN', '2015-11-03 05:18:58', '2015-11-03 05:20:38', 100, 'RADIUS', '155520000', '155520000', 5198, 5797, '', 'foobar', 'Port-Error', 'Framed-User', 'PPP', '127.0.0.15', 0, 0, '3044:3232:'),
(9023371, '000483A5', 'f8203fd046c268c7', 'test@testing.com', '', '', '114.141.96.4', '', 'ISDN', '2015-11-03 05:50:53', '2015-11-03 19:59:14', 50901, 'RADIUS', '155520000', '155520000', 6546634, 8547537, '', 'foobar', 'Port-Error', 'Framed-User', 'PPP', '127.0.0.15', 0, 0, '4237:3635:'),
(9024821, '002655A6', '681a8ecc30b9b5d8', 'test@testing.com', '', '', '114.141.96.7', '', 'ISDN', '2015-11-03 20:05:03', '2015-11-03 20:10:03', 301, 'RADIUS', '155520000', '155520000', 21154, 107511, '', 'foobar', 'Port-Error', 'Framed-User', 'PPP', '127.0.0.15', 0, 0, '3343:3630:'),
(9024941, '00048450', '53e8ecb491d079bb', 'test@testing.com', '', '', '114.141.96.4', '', 'ISDN', '2015-11-03 20:37:32', '2015-11-03 20:38:42', 70, 'RADIUS', '155520000', '155520000', 4304, 8381, '', 'foobar', 'Port-Error', 'Framed-User', 'PPP', '127.0.0.15', 0, 0, '3232:3842:'),
(9024981, '00048456', '05008ce5da31563d', 'test@testing.com', '', '', '114.141.96.4', '', 'ISDN', '2015-11-03 20:53:16', '2015-11-03 20:56:57', 221, 'RADIUS', '155520000', '155520000', 7004, 66269, '', 'foobar', 'Port-Error', 'Framed-User', 'PPP', '127.0.0.15', 0, 0, '3436:3639:'),
(9025031, '002655BB', '962d9debee4093e0', 'test@testing.com', '', '', '114.141.96.7', '', 'ISDN', '2015-11-03 21:28:48', '2015-11-03 21:31:39', 171, 'RADIUS', '155520000', '155520000', 14883, 62362, '', 'foobar', 'Port-Error', 'Framed-User', 'PPP', '127.0.0.15', 0, 0, '3037:3431:'),
(9025051, '0004845E', 'b0bec6deaa0da2f4', 'test@testing.com', '', '', '114.141.96.4', '', 'ISDN', '2015-11-03 21:36:29', '2015-11-03 21:37:29', 61, 'RADIUS', '155520000', '155520000', 4331, 14454, '', 'foobar', 'Port-Error', 'Framed-User', 'PPP', '127.0.0.15', 0, 0, '4442:4243:'),
(9025091, '00048464', 'a45308a7a841855d', 'test@testing.com', '', '', '114.141.96.4', '', 'ISDN', '2015-11-03 21:42:42', '2015-11-03 21:51:43', 541, 'RADIUS', '155520000', '155520000', 32831, 221811, '', 'foobar', 'Port-Error', 'Framed-User', 'PPP', '127.0.0.15', 0, 0, '4546:4238:'),
(9025151, '002655C7', '4ab6d47c8eab58c6', 'test@testing.com', '', '', '114.141.96.7', '', 'ISDN', '2015-11-03 21:57:10', '2015-11-03 22:00:51', 221, 'RADIUS', '155520000', '155520000', 13364, 82882, '', 'foobar', 'Port-Error', 'Framed-User', 'PPP', '127.0.0.15', 0, 0, '3631:4343:'),
(9025161, '002655CE', '3f40fc2364176987', 'test@testing.com', '', '', '114.141.96.7', '', 'ISDN', '2015-11-03 22:12:51', '2015-11-03 22:13:51', 60, 'RADIUS', '155520000', '155520000', 2723, 19705, '', 'foobar', 'Port-Error', 'Framed-User', 'PPP', '127.0.0.15', 0, 0, '4135:3438:'),
(9025171, '002655D2', 'f67e30d62346dd58', 'test@testing.com', '', '', '114.141.96.7', '', 'ISDN', '2015-11-03 22:23:37', '2015-11-03 22:28:48', 311, 'RADIUS', '155520000', '155520000', 10720, 93782, '', 'foobar', 'Port-Error', 'Framed-User', 'PPP', '127.0.0.15', 0, 0, '4445:4334:'),
(9025191, '002655D6', 'b087acfca95109bd', 'test@testing.com', '', '', '114.141.96.7', '', 'ISDN', '2015-11-03 22:35:48', '2015-11-03 22:44:38', 531, 'RADIUS', '155520000', '155520000', 43013, 131143, '', 'foobar', 'Port-Error', 'Framed-User', 'PPP', '127.0.0.15', 0, 0, '4244:4142:'),
(9025241, '0004846E', 'ce8f8f4e510b9944', 'test@testing.com', '', '', '114.141.96.4', '', 'ISDN', '2015-11-03 22:52:37', '2015-11-03 22:57:58', 321, 'RADIUS', '155520000', '155520000', 17319, 120666, '', 'foobar', 'Port-Error', 'Framed-User', 'PPP', '127.0.0.15', 0, 0, '3330:4246:'),
(9025281, '002655E1', 'd5815f81b1c0856c', 'test@testing.com', '', '', '114.141.96.7', '', 'ISDN', '2015-11-03 23:03:46', '2015-11-03 23:07:47', 241, 'RADIUS', '155520000', '155520000', 8435, 72952, '', 'foobar', 'Port-Error', 'Framed-User', 'PPP', '127.0.0.15', 0, 0, '3135:3442:'),
(9025301, '00048472', '117d6feca801936e', 'test@testing.com', '', '', '114.141.96.4', '', 'ISDN', '2015-11-03 23:12:58', '2015-11-04 20:04:28', 75091, 'RADIUS', '155520000', '155520000', 30284927, 36612579, '', 'foobar', 'Port-Error', 'Framed-User', 'PPP', '127.0.0.15', 0, 0, '3837:3541:'),
(9028521, '002656E8', 'ba5d2e54980b57f5', 'test@testing.com', '', '', '114.141.96.7', '', 'ISDN', '2015-11-04 20:10:36', '2015-11-04 20:13:46', 191, 'RADIUS', '155520000', '155520000', 8248, 59272, '', 'foobar', 'Port-Error', 'Framed-User', 'PPP', '127.0.0.15', 0, 0, '3233:3233:'),
(9028541, '002656EA', '1d93d32e07c39124', 'test@testing.com', '', '', '114.141.96.7', '', 'ISDN', '2015-11-04 20:18:39', '2015-11-04 20:22:39', 241, 'RADIUS', '155520000', '155520000', 9989, 27611, '', 'foobar', 'Port-Error', 'Framed-User', 'PPP', '127.0.0.15', 0, 0, '3134:3745:'),
(9028581, '0004858E', 'c3157dec1969122b', 'test@testing.com', '', '', '114.141.96.4', '', 'ISDN', '2015-11-04 20:28:46', '2015-11-04 20:33:16', 271, 'RADIUS', '155520000', '155520000', 8479, 82249, '', 'foobar', 'Port-Error', 'Framed-User', 'PPP', '127.0.0.15', 0, 0, '4144:3532:'),
(9028621, '002656F0', '4080d9434b1ddb44', 'test@testing.com', '', '', '114.141.96.7', '', 'ISDN', '2015-11-04 20:42:18', '2015-11-04 20:44:58', 161, 'RADIUS', '155520000', '155520000', 7720, 49542, '', 'foobar', 'Port-Error', 'Framed-User', 'PPP', '127.0.0.15', 0, 0, '3235:3435:'),
(9028661, '002656F5', '1b3204a021224654', 'test@testing.com', '', '', '114.141.96.7', '', 'ISDN', '2015-11-04 20:50:15', '2015-11-04 20:56:03', 351, 'RADIUS', '155520000', '155520000', 32456, 137362, '', 'foobar', 'Port-Error', 'Framed-User', 'PPP', '127.0.0.15', 0, 0, '4632:3035:'),
(9028691, '00048599', 'e79a7554fde2cd07', 'test@testing.com', '', '', '114.141.96.4', '', 'ISDN', '2015-11-04 21:01:11', '2015-11-05 04:02:31', 25281, 'RADIUS', '155520000', '155520000', 1764577, 2685148, '', 'foobar', 'Port-Error', 'Framed-User', 'PPP', '127.0.0.15', 0, 0, '4143:3034:'),
(9029251, '0026574E', '99c95df7ccdea72e', 'test@testing.com', '', '', '114.141.96.7', '', 'ISDN', '2015-11-05 04:06:29', '2015-11-05 19:49:10', 56561, 'RADIUS', '155520000', '155520000', 11805646, 15036736, '', 'foobar', 'Port-Error', 'Framed-User', 'PPP', '127.0.0.15', 0, 0, '3633:4543:'),
(9031501, '000486D2', '0554fd31269cef77', 'test@testing.com', '', '', '114.141.96.4', '', 'ISDN', '2015-11-05 20:12:39', '2015-11-05 20:16:59', 261, 'RADIUS', '155520000', '155520000', 17003, 27240, '', 'foobar', 'Port-Error', 'Framed-User', 'PPP', '127.0.0.15', 0, 0, '3133:4637:'),
(9031511, '000486D6', '2838e7f0853b105b', 'test@testing.com', '', '', '114.141.96.4', '', 'ISDN', '2015-11-05 20:28:19', '2015-11-05 20:30:59', 161, 'RADIUS', '155520000', '155520000', 10377, 56363, '', 'foobar', 'Port-Error', 'Framed-User', 'PPP', '127.0.0.15', 0, 0, '3536:3142:'),
(9031521, '000486D8', '865b91d444970ff9', 'test@testing.com', '', '', '114.141.96.4', '', 'ISDN', '2015-11-05 20:44:44', '2015-11-05 20:45:44', 60, 'RADIUS', '155520000', '155520000', 2447, 18578, '', 'foobar', 'Port-Error', 'Framed-User', 'PPP', '127.0.0.15', 0, 0, '3235:3435:'),
(9031551, '000486DF', '3273247fcd093833', 'test@testing.com', '', '', '114.141.96.4', '', 'ISDN', '2015-11-05 20:54:31', '2015-11-05 20:56:51', 141, 'RADIUS', '155520000', '155520000', 4295, 43868, '', 'foobar', 'Port-Error', 'Framed-User', 'PPP', '127.0.0.15', 0, 0, '3743:3539:'),
(9031571, '00265896', '07ed5bf8c4818ab8', 'test@testing.com', '', '', '114.141.96.7', '', 'ISDN', '2015-11-05 21:27:59', '2015-11-05 21:32:29', 271, 'RADIUS', '155520000', '155520000', 13098, 51399, '', 'foobar', 'Port-Error', 'Framed-User', 'PPP', '127.0.0.15', 0, 0, '4637:4531:'),
(9031681, '002658A8', '3368ca67482c9dbd', 'test@testing.com', '', '', '114.141.96.7', '', 'ISDN', '2015-11-05 22:22:04', '2015-11-05 22:24:24', 141, 'RADIUS', '155520000', '155520000', 3384, 42022, '', 'foobar', 'Port-Error', 'Framed-User', 'PPP', '127.0.0.15', 0, 0, '3533:3934:'),
(9031741, '002658B2', 'd1ce4abd13739e15', 'test@testing.com', '', '', '114.141.96.7', '', 'ISDN', '2015-11-05 22:31:55', '2015-11-05 22:34:13', 141, 'RADIUS', '155520000', '155520000', 7722, 19421, '', 'foobar', 'Port-Error', 'Framed-User', 'PPP', '127.0.0.15', 0, 0, '3536:4136:'),
(9031801, '000486F8', '5185ef6c1ecbf115', 'test@testing.com', '', '', '114.141.96.4', '', 'ISDN', '2015-11-05 22:44:30', '2015-11-05 22:48:58', 271, 'RADIUS', '155520000', '155520000', 18128, 58635, '', 'foobar', 'Port-Error', 'Framed-User', 'PPP', '127.0.0.15', 0, 0, '3545:3432:'),
(9031941, '002658C7', 'db396ee3c9f1be2d', 'test@testing.com', '', '', '114.141.96.7', '', 'ISDN', '2015-11-05 23:49:36', '2015-11-05 23:56:46', 430, 'RADIUS', '155520000', '155520000', 15235, 71647, '', 'foobar', 'Port-Error', 'Framed-User', 'PPP', '127.0.0.15', 0, 0, '3244:3045:'),
(9033991, '00265988', 'f4dff2c181d72f4d', 'test@testing.com', '', '', '114.141.96.7', '', 'ISDN', '2015-11-06 09:41:41', '2015-11-06 20:00:01', 37100, 'RADIUS', '155520000', '155520000', 13147758, 16721172, '', 'foobar', 'Port-Error', 'Framed-User', 'PPP', '127.0.0.15', 0, 0, '4534:3346:'),
(9035951, '000488B7', '742f5face48d68e7', 'test@testing.com', '', '', '114.141.96.4', '', 'ISDN', '2015-11-06 20:05:10', '2015-11-06 21:33:19', 5289, 'RADIUS', '155520000', '155520000', 397045, 957935, '', 'foobar', 'Port-Error', 'Framed-User', 'PPP', '127.0.0.15', 0, 0, '3832:4333:'),
(9036231, '00265A21', '943a0cd94dc8bfc4', 'test@testing.com', '', '', '114.141.96.7', '', 'ISDN', '2015-11-06 21:38:05', '2015-11-07 00:34:03', 10557, 'RADIUS', '155520000', '155520000', 813937, 1823095, '', 'foobar', 'Port-Error', 'Framed-User', 'PPP', '127.0.0.15', 0, 0, '4239:3046:'),
(9036381, '00265A3F', '20229e0288d89cd3', 'test@testing.com', '', '', '114.141.96.7', '', 'ISDN', '2015-11-07 00:38:51', '2015-11-07 00:55:02', 971, 'RADIUS', '155520000', '155520000', 85086, 361181, '', 'foobar', 'Port-Error', 'Framed-User', 'PPP', '127.0.0.15', 0, 0, '4336:3642:'),
(9036421, '00265A46', 'e4cd0834b736f78d', 'test@testing.com', '', '', '114.141.96.7', '', 'ISDN', '2015-11-07 01:00:23', '2015-11-07 01:08:23', 480, 'RADIUS', '155520000', '155520000', 24212, 177999, '', 'foobar', 'Port-Error', 'Framed-User', 'PPP', '127.0.0.15', 0, 0, '3539:4232:'),
(9036441, '00265A4A', 'c89afa30e8223791', 'test@testing.com', '', '', '114.141.96.7', '', 'ISDN', '2015-11-07 01:14:57', '2015-11-07 01:17:57', 180, 'RADIUS', '155520000', '155520000', 16106, 68588, '', 'foobar', 'Port-Error', 'Framed-User', 'PPP', '127.0.0.15', 0, 0, '3743:3741:'),
(9036461, '00265A52', '02e6513e37d24238', 'test@testing.com', '', '', '114.141.96.7', '', 'ISDN', '2015-11-07 01:34:55', '2015-11-07 01:55:06', 1212, 'RADIUS', '155520000', '155520000', 82791, 180291, '', 'foobar', 'Port-Error', 'Framed-User', 'PPP', '127.0.0.15', 0, 0, '4635:3645:'),
(9036511, '00265A59', '37c8a8771decc666', 'test@testing.com', '', '', '114.141.96.7', '', 'ISDN', '2015-11-07 01:59:53', '2015-11-07 02:00:53', 60, 'RADIUS', '155520000', '155520000', 4472, 22260, '', 'foobar', 'Port-Error', 'Framed-User', 'PPP', '127.0.0.15', 0, 0, '4537:3339:'),
(9036551, '00265A63', '4de59ad9ceac62a5', 'test@testing.com', '', '', '114.141.96.7', '', 'ISDN', '2015-11-07 02:19:02', '2015-11-07 02:23:42', 280, 'RADIUS', '155520000', '155520000', 10880, 80541, '', 'foobar', 'Port-Error', 'Framed-User', 'PPP', '127.0.0.15', 0, 0, '3035:4543:'),
(9036571, '00048907', '4e9e05bf0c23f494', 'test@testing.com', '', '', '114.141.96.4', '', 'ISDN', '2015-11-07 02:38:31', '2015-11-07 02:41:41', 190, 'RADIUS', '155520000', '155520000', 8929, 29828, '', 'foobar', 'Port-Error', 'Framed-User', 'PPP', '127.0.0.15', 0, 0, '4537:3142:'),
(9036631, '00265A6F', 'd019567513dcd89e', 'test@testing.com', '', '', '114.141.96.7', '', 'ISDN', '2015-11-07 02:57:06', '2015-11-07 03:01:36', 270, 'RADIUS', '155520000', '155520000', 6278, 78515, '', 'foobar', 'Port-Error', 'Framed-User', 'PPP', '127.0.0.15', 0, 0, '4445:3431:'),
(9036691, '00265A79', '9e070b0776bbb255', 'test@testing.com', '', '', '114.141.96.7', '', 'ISDN', '2015-11-07 03:19:33', '2015-11-07 03:24:13', 280, 'RADIUS', '155520000', '155520000', 8532, 82995, '', 'foobar', 'Port-Error', 'Framed-User', 'PPP', '127.0.0.15', 0, 0, '4138:4345:'),
(9036771, '00265A85', '76d4c278d6d1a77e', 'test@testing.com', '', '', '114.141.96.7', '', 'ISDN', '2015-11-07 03:50:25', '2015-11-07 03:54:05', 220, 'RADIUS', '155520000', '155520000', 8349, 25449, '', 'foobar', 'Port-Error', 'Framed-User', 'PPP', '127.0.0.15', 0, 0, '3341:4539:'),
(9036791, '00265A89', '387a38f026b8d610', 'test@testing.com', '', '', '114.141.96.7', '', 'ISDN', '2015-11-07 04:03:10', '2015-11-07 04:07:30', 260, 'RADIUS', '155520000', '155520000', 12391, 85302, '', 'foobar', 'Port-Error', 'Framed-User', 'PPP', '127.0.0.15', 0, 0, '4433:3246:'),
(9036851, '00265A90', '3005f65f16252a94', 'test@testing.com', '', '', '114.141.96.7', '', 'ISDN', '2015-11-07 04:16:16', '2015-11-07 04:19:56', 220, 'RADIUS', '155520000', '155520000', 6507, 66191, '', 'foobar', 'Port-Error', 'Framed-User', 'PPP', '127.0.0.15', 0, 0, '3232:3430:'),
(9036891, '00265A94', '57d650169c3e5efb', 'test@testing.com', '', '', '114.141.96.7', '', 'ISDN', '2015-11-07 04:24:45', '2015-11-07 04:26:25', 100, 'RADIUS', '155520000', '155520000', 3572, 28916, '', 'foobar', 'Port-Error', 'Framed-User', 'PPP', '127.0.0.15', 0, 0, '3535:3639:'),
(9036911, '00265A99', '141b7aa3caae1b67', 'test@testing.com', '', '', '114.141.96.7', '', 'ISDN', '2015-11-07 04:36:10', '2015-11-07 04:41:40', 330, 'RADIUS', '155520000', '155520000', 20527, 109115, '', 'foobar', 'Port-Error', 'Framed-User', 'PPP', '127.0.0.15', 0, 0, '3934:3239:'),
(9036941, '00265A9C', '47cadab7ca4a4139', 'test@testing.com', '', '', '114.141.96.7', '', 'ISDN', '2015-11-07 04:42:26', '2015-11-07 04:45:34', 190, 'RADIUS', '155520000', '155520000', 14769, 99540, '', 'foobar', 'Port-Error', 'Framed-User', 'PPP', '127.0.0.15', 0, 0, '3931:4538:'),
(9036971, '00265AA2', '2e229a4302942196', 'test@testing.com', '', '', '114.141.96.7', '', 'ISDN', '2015-11-07 04:50:20', '2015-11-07 04:58:00', 460, 'RADIUS', '155520000', '155520000', 39305, 136023, '', 'foobar', 'Port-Error', 'Framed-User', 'PPP', '127.0.0.15', 0, 0, '4341:4142:'),
(9037031, '00265AAC', 'febe32c302ec9b34', 'test@testing.com', '', '', '114.141.96.7', '', 'ISDN', '2015-11-07 05:06:40', '2015-11-07 05:13:40', 420, 'RADIUS', '155520000', '155520000', 27950, 160225, '', 'foobar', 'Port-Error', 'Framed-User', 'PPP', '127.0.0.15', 0, 0, '3230:3030:'),
(9037051, '00265AB2', '328ec0a387b85fe7', 'test@testing.com', '', '', '114.141.96.7', '', 'ISDN', '2015-11-07 05:21:20', '2015-11-07 05:28:20', 420, 'RADIUS', '155520000', '155520000', 29730, 167340, '', 'foobar', 'Port-Error', 'Framed-User', 'PPP', '127.0.0.15', 0, 0, '4341:3844:'),
(9037101, '00048926', 'ce5eb6fc0de216c2', 'test@testing.com', '', '', '114.141.96.4', '', 'ISDN', '2015-11-07 05:34:54', '2015-11-07 20:04:57', 52203, 'RADIUS', '155520000', '155520000', 3385654, 4679423, '', 'foobar', 'Port-Error', 'Framed-User', 'PPP', '127.0.0.15', 0, 0, '3338:4233:'),
(9041801, '00265C3C', '6b262c193cc193c8', 'test@testing.com', '', '', '114.141.96.7', '', 'ISDN', '2015-11-07 20:14:38', '2015-11-07 20:15:37', 60, 'RADIUS', '155520000', '155520000', 3238, 20116, '', 'foobar', 'Port-Error', 'Framed-User', 'PPP', '127.0.0.15', 0, 0, '3837:4531:'),
(9041861, '00265C47', '1484e8a2701178b1', 'test@testing.com', '', '', '114.141.96.7', '', 'ISDN', '2015-11-07 20:37:41', '2015-11-07 20:45:12', 451, 'RADIUS', '155520000', '155520000', 19667, 67029, '', 'foobar', 'Port-Error', 'Framed-User', 'PPP', '127.0.0.15', 0, 0, '3746:3838:'),
(9041921, '00265C4F', 'eeae8f2aa06fed1e', 'test@testing.com', '', '', '114.141.96.7', '', 'ISDN', '2015-11-07 20:55:23', '2015-11-07 20:57:03', 101, 'RADIUS', '155520000', '155520000', 3979, 30240, '', 'foobar', 'Port-Error', 'Framed-User', 'PPP', '127.0.0.15', 0, 0, '3337:3644:'),
(9041941, '00265C53', 'fb50d1b1d657646a', 'test@testing.com', '', '', '114.141.96.7', '', 'ISDN', '2015-11-07 21:02:47', '2015-11-07 21:06:57', 251, 'RADIUS', '155520000', '155520000', 13095, 81463, '', 'foobar', 'Port-Error', 'Framed-User', 'PPP', '127.0.0.15', 0, 0, '3145:3539:'),
(9042041, '00265C60', 'b6066a462b5cea05', 'test@testing.com', '', '', '114.141.96.7', '', 'ISDN', '2015-11-07 21:23:42', '2015-11-07 21:32:11', 511, 'RADIUS', '155520000', '155520000', 41433, 195284, '', 'foobar', 'Port-Error', 'Framed-User', 'PPP', '127.0.0.15', 0, 0, '3539:4441:'),
(9042071, '00265C64', '8de9b815b439a20f', 'test@testing.com', '', '', '114.141.96.7', '', 'ISDN', '2015-11-07 21:38:54', '2015-11-07 21:40:14', 81, 'RADIUS', '155520000', '155520000', 5516, 6481, '', 'foobar', 'Port-Error', 'Framed-User', 'PPP', '127.0.0.15', 0, 0, '3132:3335:'),
(9042081, '00265C67', '3357110e7a8fcec1', 'test@testing.com', '', '', '114.141.96.7', '', 'ISDN', '2015-11-07 21:45:09', '2015-11-07 22:34:04', 2935, 'RADIUS', '155520000', '155520000', 239302, 1155303, '', 'foobar', 'Port-Error', 'Framed-User', 'PPP', '127.0.0.15', 0, 0, '4532:3541:'),
(9042181, '00048B7B', '8da85a9c42ef6f68', 'test@testing.com', '', '', '114.141.96.4', '', 'ISDN', '2015-11-07 22:39:57', '2015-11-07 23:33:02', 3186, 'RADIUS', '155520000', '155520000', 215211, 401993, '', 'foobar', 'Port-Error', 'Framed-User', 'PPP', '127.0.0.15', 0, 0, '4131:4243:'),
(9042261, '00265C88', 'acd70425de38c814', 'test@testing.com', '', '', '114.141.96.7', '', 'ISDN', '2015-11-07 23:38:15', '2015-11-08 20:31:46', 75211, 'RADIUS', '155520000', '155520000', 4865953, 6431670, '', 'foobar', 'Port-Error', 'Framed-User', 'PPP', '127.0.0.15', 0, 0, '4337:3442:'),
(9045851, '00048CD1', '4078ec1ef03b2922', 'test@testing.com', '', '', '114.141.96.4', '', 'ISDN', '2015-11-08 20:36:26', '2015-11-08 20:43:36', 431, 'RADIUS', '155520000', '155520000', 23682, 142357, '', 'foobar', 'Port-Error', 'Framed-User', 'PPP', '127.0.0.15', 0, 0, '3630:3230:'),
(9045901, '00265E45', '7a777395100b21da', 'test@testing.com', '', '', '114.141.96.7', '', 'ISDN', '2015-11-08 20:53:42', '2015-11-08 20:59:00', 321, 'RADIUS', '155520000', '155520000', 21017, 123672, '', 'foobar', 'Port-Error', 'Framed-User', 'PPP', '127.0.0.15', 0, 0, '4146:4541:'),
(9045911, '00048CD8', 'c07672842982322b', 'test@testing.com', '', '', '114.141.96.4', '', 'ISDN', '2015-11-08 21:06:13', NULL, 9901, 'RADIUS', '155520000', '', 667051, 1189550, '', 'foobar', '', 'Framed-User', 'PPP', '127.0.0.15', 0, 0, '4443:4133:');

TRUNCATE `user_stats`;

INSERT INTO `user_stats` (`id`, `radacct_id`, `username`, `acctsessionid`, `acctuniqueid`, `timestamp`, `acctinputoctets`, `acctoutputoctets`) VALUES
(11173591, 9036231, 'test@testing.com', '00265A21', '943a0cd94dc8bfc4', '2015-11-07 00:03:07', 17538, 23447),
(11177501, 9036231, 'test@testing.com', '00265A21', '943a0cd94dc8bfc4', '2015-11-07 00:08:15', 18993, 25936),
(11181401, 9036231, 'test@testing.com', '00265A21', '943a0cd94dc8bfc4', '2015-11-07 00:13:23', 24448, 35364),
(11185111, 9036231, 'test@testing.com', '00265A21', '943a0cd94dc8bfc4', '2015-11-07 00:18:16', 17849, 24389),
(11188851, 9036231, 'test@testing.com', '00265A21', '943a0cd94dc8bfc4', '2015-11-07 00:23:12', 20898, 28266),
(11192761, 9036231, 'test@testing.com', '00265A21', '943a0cd94dc8bfc4', '2015-11-07 00:28:17', 21048, 26705),
(11196651, 9036231, 'test@testing.com', '00265A21', '943a0cd94dc8bfc4', '2015-11-07 00:33:26', 18114, 50583),
(11197091, 9036231, 'test@testing.com', '00265A21', '943a0cd94dc8bfc4', '2015-11-07 00:34:03', 1280, 4678),
(11204751, 9036381, 'test@testing.com', '00265A3F', '20229e0288d89cd3', '2015-11-07 00:44:11', 32623, 116545),
(11208401, 9036381, 'test@testing.com', '00265A3F', '20229e0288d89cd3', '2015-11-07 00:48:52', 27713, 96947),
(11212431, 9036381, 'test@testing.com', '00265A3F', '20229e0288d89cd3', '2015-11-07 00:54:10', 24750, 119115),
(11212991, 9036381, 'test@testing.com', '00265A3F', '20229e0288d89cd3', '2015-11-07 00:55:02', 0, 28574),
(11221101, 9036421, 'test@testing.com', '00265A46', 'e4cd0834b736f78d', '2015-11-07 01:05:52', 16597, 117388),
(11223231, 9036421, 'test@testing.com', '00265A46', 'e4cd0834b736f78d', '2015-11-07 01:08:23', 7615, 60611),
(11230591, 9036441, 'test@testing.com', '00265A4A', 'c89afa30e8223791', '2015-11-07 01:17:57', 16106, 68588),
(11247181, 9036461, 'test@testing.com', '00265A52', '02e6513e37d24238', '2015-11-07 01:40:07', 23391, 50133),
(11251171, 9036461, 'test@testing.com', '00265A52', '02e6513e37d24238', '2015-11-07 01:45:20', 23103, 36650),
(11254751, 9036461, 'test@testing.com', '00265A52', '02e6513e37d24238', '2015-11-07 01:50:03', 17668, 38132),
(11258621, 9036461, 'test@testing.com', '00265A52', '02e6513e37d24238', '2015-11-07 01:55:06', 18629, 55376),
(11262891, 9036511, 'test@testing.com', '00265A59', '37c8a8771decc666', '2015-11-07 02:00:53', 4472, 22260),
(11280451, 9036551, 'test@testing.com', '00265A63', '4de59ad9ceac62a5', '2015-11-07 02:23:42', 10880, 80541),
(11293971, 9036571, 'test@testing.com', '00048907', '4e9e05bf0c23f494', '2015-11-07 02:41:41', 8929, 29828),
(11309131, 9036631, 'test@testing.com', '00265A6F', 'd019567513dcd89e', '2015-11-07 03:01:36', 6278, 78515),
(11326401, 9036691, 'test@testing.com', '00265A79', '9e070b0776bbb255', '2015-11-07 03:24:13', 8532, 82995),
(11349071, 9036771, 'test@testing.com', '00265A85', '76d4c278d6d1a77e', '2015-11-07 03:54:05', 8349, 25449),
(11359351, 9036791, 'test@testing.com', '00265A89', '387a38f026b8d610', '2015-11-07 04:07:30', 12391, 85302),
(11368591, 9036851, 'test@testing.com', '00265A90', '3005f65f16252a94', '2015-11-07 04:19:56', 6507, 66191),
(11373401, 9036891, 'test@testing.com', '00265A94', '57d650169c3e5efb', '2015-11-07 04:26:25', 3572, 28916),
(11384701, 9036911, 'test@testing.com', '00265A99', '141b7aa3caae1b67', '2015-11-07 04:41:17', 13812, 95978),
(11385051, 9036911, 'test@testing.com', '00265A99', '141b7aa3caae1b67', '2015-11-07 04:41:40', 6715, 13137),
(11388031, 9036941, 'test@testing.com', '00265A9C', '47cadab7ca4a4139', '2015-11-07 04:45:34', 14769, 99540),
(11395571, 9036971, 'test@testing.com', '00265AA2', '2e229a4302942196', '2015-11-07 04:55:24', 28691, 84715),
(11397731, 9036971, 'test@testing.com', '00265AA2', '2e229a4302942196', '2015-11-07 04:58:00', 10614, 51308),
(11408161, 9037031, 'test@testing.com', '00265AAC', 'febe32c302ec9b34', '2015-11-07 05:11:58', 24482, 127668),
(11409511, 9037031, 'test@testing.com', '00265AAC', 'febe32c302ec9b34', '2015-11-07 05:13:40', 3468, 32557),
(11419381, 9037051, 'test@testing.com', '00265AB2', '328ec0a387b85fe7', '2015-11-07 05:26:48', 26772, 130417),
(11420771, 9037051, 'test@testing.com', '00265AB2', '328ec0a387b85fe7', '2015-11-07 05:28:20', 2958, 36923),
(11429431, 9037101, 'test@testing.com', '00048926', 'ce5eb6fc0de216c2', '2015-11-07 05:40:02', 28685, 145710),
(11433201, 9037101, 'test@testing.com', '00048926', 'ce5eb6fc0de216c2', '2015-11-07 05:45:00', 21428, 94516),
(11437201, 9037101, 'test@testing.com', '00048926', 'ce5eb6fc0de216c2', '2015-11-07 05:50:19', 36338, 118913),
(11440801, 9037101, 'test@testing.com', '00048926', 'ce5eb6fc0de216c2', '2015-11-07 05:55:01', 21717, 39896),
(11444811, 9037101, 'test@testing.com', '00048926', 'ce5eb6fc0de216c2', '2015-11-07 06:00:20', 19613, 25164),
(11448331, 9037101, 'test@testing.com', '00048926', 'ce5eb6fc0de216c2', '2015-11-07 06:04:57', 17382, 23143),
(11452261, 9037101, 'test@testing.com', '00048926', 'ce5eb6fc0de216c2', '2015-11-07 06:10:15', 22814, 28508),
(11456121, 9037101, 'test@testing.com', '00048926', 'ce5eb6fc0de216c2', '2015-11-07 06:15:18', 19927, 23692),
(11459871, 9037101, 'test@testing.com', '00048926', 'ce5eb6fc0de216c2', '2015-11-07 06:20:10', 19236, 24155),
(11463561, 9037101, 'test@testing.com', '00048926', 'ce5eb6fc0de216c2', '2015-11-07 06:24:59', 18256, 24146),
(11467371, 9037101, 'test@testing.com', '00048926', 'ce5eb6fc0de216c2', '2015-11-07 06:30:04', 18201, 24202),
(11471331, 9037101, 'test@testing.com', '00048926', 'ce5eb6fc0de216c2', '2015-11-07 06:35:19', 22088, 27800),
(11475131, 9037101, 'test@testing.com', '00048926', 'ce5eb6fc0de216c2', '2015-11-07 06:40:19', 18059, 23659),
(11478761, 9037101, 'test@testing.com', '00048926', 'ce5eb6fc0de216c2', '2015-11-07 06:45:04', 17927, 23589),
(11482651, 9037101, 'test@testing.com', '00048926', 'ce5eb6fc0de216c2', '2015-11-07 06:50:17', 21117, 26458),
(11486371, 9037101, 'test@testing.com', '00048926', 'ce5eb6fc0de216c2', '2015-11-07 06:55:06', 18156, 23864),
(11490241, 9037101, 'test@testing.com', '00048926', 'ce5eb6fc0de216c2', '2015-11-07 07:00:11', 20437, 26236),
(11493991, 9037101, 'test@testing.com', '00048926', 'ce5eb6fc0de216c2', '2015-11-07 07:05:07', 18340, 23936),
(11497761, 9037101, 'test@testing.com', '00048926', 'ce5eb6fc0de216c2', '2015-11-07 07:10:06', 18912, 24688),
(11501471, 9037101, 'test@testing.com', '00048926', 'ce5eb6fc0de216c2', '2015-11-07 07:15:03', 18191, 23652),
(11505451, 9037101, 'test@testing.com', '00048926', 'ce5eb6fc0de216c2', '2015-11-07 07:20:19', 21840, 27623),
(11509231, 9037101, 'test@testing.com', '00048926', 'ce5eb6fc0de216c2', '2015-11-07 07:25:19', 18064, 23799),
(11513081, 9037101, 'test@testing.com', '00048926', 'ce5eb6fc0de216c2', '2015-11-07 07:30:21', 19568, 25239),
(11516681, 9037101, 'test@testing.com', '00048926', 'ce5eb6fc0de216c2', '2015-11-07 07:35:00', 16941, 22533),
(11520641, 9037101, 'test@testing.com', '00048926', 'ce5eb6fc0de216c2', '2015-11-07 07:40:17', 21708, 26414),
(11524241, 9037101, 'test@testing.com', '00048926', 'ce5eb6fc0de216c2', '2015-11-07 07:45:00', 17384, 23664),
(11528061, 9037101, 'test@testing.com', '00048926', 'ce5eb6fc0de216c2', '2015-11-07 07:50:04', 20266, 25550),
(11531741, 9037101, 'test@testing.com', '00048926', 'ce5eb6fc0de216c2', '2015-11-07 07:54:55', 18743, 23962),
(11535601, 9037101, 'test@testing.com', '00048926', 'ce5eb6fc0de216c2', '2015-11-07 08:00:00', 18199, 24293),
(11539381, 9037101, 'test@testing.com', '00048926', 'ce5eb6fc0de216c2', '2015-11-07 08:04:57', 21003, 26211),
(11543141, 9037101, 'test@testing.com', '00048926', 'ce5eb6fc0de216c2', '2015-11-07 08:09:56', 18135, 23921),
(11547231, 9037101, 'test@testing.com', '00048926', 'ce5eb6fc0de216c2', '2015-11-07 08:15:19', 19676, 25458),
(11550991, 9037101, 'test@testing.com', '00048926', 'ce5eb6fc0de216c2', '2015-11-07 08:20:15', 17408, 23045),
(11554831, 9037101, 'test@testing.com', '00048926', 'ce5eb6fc0de216c2', '2015-11-07 08:25:18', 21963, 28108),
(11558411, 9037101, 'test@testing.com', '00048926', 'ce5eb6fc0de216c2', '2015-11-07 08:30:03', 17304, 23025),
(11562391, 9037101, 'test@testing.com', '00048926', 'ce5eb6fc0de216c2', '2015-11-07 08:35:18', 19744, 25287),
(11565961, 9037101, 'test@testing.com', '00048926', 'ce5eb6fc0de216c2', '2015-11-07 08:39:54', 16994, 21851),
(11569991, 9037101, 'test@testing.com', '00048926', 'ce5eb6fc0de216c2', '2015-11-07 08:45:15', 19205, 25271),
(11573571, 9037101, 'test@testing.com', '00048926', 'ce5eb6fc0de216c2', '2015-11-07 08:49:57', 20032, 24890),
(11577601, 9037101, 'test@testing.com', '00048926', 'ce5eb6fc0de216c2', '2015-11-07 08:55:09', 20549, 26977),
(11581281, 9037101, 'test@testing.com', '00048926', 'ce5eb6fc0de216c2', '2015-11-07 08:59:59', 18170, 24147),
(11585351, 9037101, 'test@testing.com', '00048926', 'ce5eb6fc0de216c2', '2015-11-07 09:05:16', 19923, 25947),
(11589051, 9037101, 'test@testing.com', '00048926', 'ce5eb6fc0de216c2', '2015-11-07 09:10:13', 18356, 24807),
(11592861, 9037101, 'test@testing.com', '00048926', 'ce5eb6fc0de216c2', '2015-11-07 09:15:09', 20432, 26224),
(11596591, 9037101, 'test@testing.com', '00048926', 'ce5eb6fc0de216c2', '2015-11-07 09:20:05', 18054, 23521),
(11600451, 9037101, 'test@testing.com', '00048926', 'ce5eb6fc0de216c2', '2015-11-07 09:25:08', 19246, 25321),
(11604181, 9037101, 'test@testing.com', '00048926', 'ce5eb6fc0de216c2', '2015-11-07 09:30:00', 18056, 23523),
(11608241, 9037101, 'test@testing.com', '00048926', 'ce5eb6fc0de216c2', '2015-11-07 09:35:18', 21872, 27555),
(11611911, 9037101, 'test@testing.com', '00048926', 'ce5eb6fc0de216c2', '2015-11-07 09:40:09', 17177, 22514),
(11615621, 9037101, 'test@testing.com', '00048926', 'ce5eb6fc0de216c2', '2015-11-07 09:45:01', 18192, 23791),
(11619561, 9037101, 'test@testing.com', '00048926', 'ce5eb6fc0de216c2', '2015-11-07 09:50:12', 20911, 26200),
(11623441, 9037101, 'test@testing.com', '00048926', 'ce5eb6fc0de216c2', '2015-11-07 09:55:15', 19489, 24867),
(11627311, 9037101, 'test@testing.com', '00048926', 'ce5eb6fc0de216c2', '2015-11-07 10:00:19', 20536, 26566),
(11631071, 9037101, 'test@testing.com', '00048926', 'ce5eb6fc0de216c2', '2015-11-07 10:05:17', 18201, 23790),
(11634691, 9037101, 'test@testing.com', '00048926', 'ce5eb6fc0de216c2', '2015-11-07 10:09:58', 17844, 23012),
(11638741, 9037101, 'test@testing.com', '00048926', 'ce5eb6fc0de216c2', '2015-11-07 10:15:22', 20165, 25990),
(11642351, 9037101, 'test@testing.com', '00048926', 'ce5eb6fc0de216c2', '2015-11-07 10:20:06', 19049, 24923),
(11646201, 9037101, 'test@testing.com', '00048926', 'ce5eb6fc0de216c2', '2015-11-07 10:25:05', 18071, 24042),
(11650061, 9037101, 'test@testing.com', '00048926', 'ce5eb6fc0de216c2', '2015-11-07 10:30:08', 18833, 24239),
(11653811, 9037101, 'test@testing.com', '00048926', 'ce5eb6fc0de216c2', '2015-11-07 10:35:01', 19024, 25371),
(11657801, 9037101, 'test@testing.com', '00048926', 'ce5eb6fc0de216c2', '2015-11-07 10:40:15', 18555, 23600),
(11661631, 9037101, 'test@testing.com', '00048926', 'ce5eb6fc0de216c2', '2015-11-07 10:45:16', 21330, 27324),
(11665301, 9037101, 'test@testing.com', '00048926', 'ce5eb6fc0de216c2', '2015-11-07 10:49:59', 20436, 25714),
(11669301, 9037101, 'test@testing.com', '00048926', 'ce5eb6fc0de216c2', '2015-11-07 10:55:21', 22693, 29904),
(11673071, 9037101, 'test@testing.com', '00048926', 'ce5eb6fc0de216c2', '2015-11-07 11:00:20', 17687, 23185),
(11676731, 9037101, 'test@testing.com', '00048926', 'ce5eb6fc0de216c2', '2015-11-07 11:04:59', 18599, 23747),
(11680781, 9037101, 'test@testing.com', '00048926', 'ce5eb6fc0de216c2', '2015-11-07 11:10:18', 20620, 27144),
(11684611, 9037101, 'test@testing.com', '00048926', 'ce5eb6fc0de216c2', '2015-11-07 11:15:19', 18870, 24720),
(11688201, 9037101, 'test@testing.com', '00048926', 'ce5eb6fc0de216c2', '2015-11-07 11:19:59', 18022, 23270),
(11692081, 9037101, 'test@testing.com', '00048926', 'ce5eb6fc0de216c2', '2015-11-07 11:25:05', 18310, 24460),
(11695941, 9037101, 'test@testing.com', '00048926', 'ce5eb6fc0de216c2', '2015-11-07 11:30:09', 21117, 27114),
(11699901, 9037101, 'test@testing.com', '00048926', 'ce5eb6fc0de216c2', '2015-11-07 11:35:22', 19069, 24850),
(11703581, 9037101, 'test@testing.com', '00048926', 'ce5eb6fc0de216c2', '2015-11-07 11:40:11', 18085, 23179),
(11707551, 9037101, 'test@testing.com', '00048926', 'ce5eb6fc0de216c2', '2015-11-07 11:45:21', 21587, 26784),
(11711181, 9037101, 'test@testing.com', '00048926', 'ce5eb6fc0de216c2', '2015-11-07 11:50:08', 17490, 23410),
(11714871, 9037101, 'test@testing.com', '00048926', 'ce5eb6fc0de216c2', '2015-11-07 11:54:57', 20251, 25569),
(11718711, 9037101, 'test@testing.com', '00048926', 'ce5eb6fc0de216c2', '2015-11-07 12:00:01', 18210, 23692),
(11722491, 9037101, 'test@testing.com', '00048926', 'ce5eb6fc0de216c2', '2015-11-07 12:05:01', 19022, 24666),
(11726381, 9037101, 'test@testing.com', '00048926', 'ce5eb6fc0de216c2', '2015-11-07 12:10:06', 18304, 24292),
(11730101, 9037101, 'test@testing.com', '00048926', 'ce5eb6fc0de216c2', '2015-11-07 12:14:58', 20923, 26276),
(11734041, 9037101, 'test@testing.com', '00048926', 'ce5eb6fc0de216c2', '2015-11-07 12:20:07', 18459, 24828),
(11737971, 9037101, 'test@testing.com', '00048926', 'ce5eb6fc0de216c2', '2015-11-07 12:25:21', 20316, 26297),
(11741591, 9037101, 'test@testing.com', '00048926', 'ce5eb6fc0de216c2', '2015-11-07 12:30:08', 16881, 22454),
(11745391, 9037101, 'test@testing.com', '00048926', 'ce5eb6fc0de216c2', '2015-11-07 12:34:59', 18735, 23758),
(11749121, 9037101, 'test@testing.com', '00048926', 'ce5eb6fc0de216c2', '2015-11-07 12:39:55', 20179, 25578),
(11753241, 9037101, 'test@testing.com', '00048926', 'ce5eb6fc0de216c2', '2015-11-07 12:45:16', 21890, 27729),
(11757111, 9037101, 'test@testing.com', '00048926', 'ce5eb6fc0de216c2', '2015-11-07 12:50:21', 18723, 24272),
(11760761, 9037101, 'test@testing.com', '00048926', 'ce5eb6fc0de216c2', '2015-11-07 12:55:06', 16882, 22455),
(11764621, 9037101, 'test@testing.com', '00048926', 'ce5eb6fc0de216c2', '2015-11-07 13:00:12', 21168, 27714),
(11768441, 9037101, 'test@testing.com', '00048926', 'ce5eb6fc0de216c2', '2015-11-07 13:05:14', 18201, 23874),
(11772261, 9037101, 'test@testing.com', '00048926', 'ce5eb6fc0de216c2', '2015-11-07 13:10:14', 18875, 24432),
(11776041, 9037101, 'test@testing.com', '00048926', 'ce5eb6fc0de216c2', '2015-11-07 13:15:10', 18165, 23780),
(11779751, 9037101, 'test@testing.com', '00048926', 'ce5eb6fc0de216c2', '2015-11-07 13:20:00', 21108, 26926),
(11783661, 9037101, 'test@testing.com', '00048926', 'ce5eb6fc0de216c2', '2015-11-07 13:25:07', 20453, 26790),
(11787411, 9037101, 'test@testing.com', '00048926', 'ce5eb6fc0de216c2', '2015-11-07 13:29:59', 18030, 23024),
(11791451, 9037101, 'test@testing.com', '00048926', 'ce5eb6fc0de216c2', '2015-11-07 13:35:21', 20348, 26613),
(11795081, 9037101, 'test@testing.com', '00048926', 'ce5eb6fc0de216c2', '2015-11-07 13:39:59', 16616, 21599),
(11798931, 9037101, 'test@testing.com', '00048926', 'ce5eb6fc0de216c2', '2015-11-07 13:45:01', 20795, 26114),
(11802931, 9037101, 'test@testing.com', '00048926', 'ce5eb6fc0de216c2', '2015-11-07 13:50:19', 21288, 27388),
(11806811, 9037101, 'test@testing.com', '00048926', 'ce5eb6fc0de216c2', '2015-11-07 13:55:20', 19931, 26523),
(11810511, 9037101, 'test@testing.com', '00048926', 'ce5eb6fc0de216c2', '2015-11-07 14:00:05', 17504, 23291),
(11814441, 9037101, 'test@testing.com', '00048926', 'ce5eb6fc0de216c2', '2015-11-07 14:05:16', 19596, 25213),
(11818191, 9037101, 'test@testing.com', '00048926', 'ce5eb6fc0de216c2', '2015-11-07 14:10:08', 19790, 26068),
(11822081, 9037101, 'test@testing.com', '00048926', 'ce5eb6fc0de216c2', '2015-11-07 14:15:15', 18170, 24076),
(11825751, 9037101, 'test@testing.com', '00048926', 'ce5eb6fc0de216c2', '2015-11-07 14:20:02', 18625, 24360),
(11829621, 9037101, 'test@testing.com', '00048926', 'ce5eb6fc0de216c2', '2015-11-07 14:25:01', 18314, 24038),
(11833701, 9037101, 'test@testing.com', '00048926', 'ce5eb6fc0de216c2', '2015-11-07 14:30:21', 22418, 28659),
(11837351, 9037101, 'test@testing.com', '00048926', 'ce5eb6fc0de216c2', '2015-11-07 14:35:13', 17224, 22907),
(11841271, 9037101, 'test@testing.com', '00048926', 'ce5eb6fc0de216c2', '2015-11-07 14:40:13', 18624, 23727),
(11844971, 9037101, 'test@testing.com', '00048926', 'ce5eb6fc0de216c2', '2015-11-07 14:45:13', 20307, 25857),
(11848851, 9037101, 'test@testing.com', '00048926', 'ce5eb6fc0de216c2', '2015-11-07 14:50:14', 18832, 24582),
(11852651, 9037101, 'test@testing.com', '00048926', 'ce5eb6fc0de216c2', '2015-11-07 14:55:09', 20443, 26619),
(11856301, 9037101, 'test@testing.com', '00048926', 'ce5eb6fc0de216c2', '2015-11-07 14:59:57', 18129, 23659),
(11860371, 9037101, 'test@testing.com', '00048926', 'ce5eb6fc0de216c2', '2015-11-07 15:05:21', 20489, 27168),
(11863961, 9037101, 'test@testing.com', '00048926', 'ce5eb6fc0de216c2', '2015-11-07 15:10:02', 16836, 22406),
(11867961, 9037101, 'test@testing.com', '00048926', 'ce5eb6fc0de216c2', '2015-11-07 15:15:08', 21128, 27593),
(11871721, 9037101, 'test@testing.com', '00048926', 'ce5eb6fc0de216c2', '2015-11-07 15:20:08', 18244, 24199),
(11875571, 9037101, 'test@testing.com', '00048926', 'ce5eb6fc0de216c2', '2015-11-07 15:25:08', 18955, 24371),
(11879481, 9037101, 'test@testing.com', '00048926', 'ce5eb6fc0de216c2', '2015-11-07 15:30:13', 18217, 24120),
(11883151, 9037101, 'test@testing.com', '00048926', 'ce5eb6fc0de216c2', '2015-11-07 15:34:57', 18181, 23540),
(11887221, 9037101, 'test@testing.com', '00048926', 'ce5eb6fc0de216c2', '2015-11-07 15:40:21', 22397, 28412),
(11890871, 9037101, 'test@testing.com', '00048926', 'ce5eb6fc0de216c2', '2015-11-07 15:45:02', 20014, 26129),
(11894761, 9037101, 'test@testing.com', '00048926', 'ce5eb6fc0de216c2', '2015-11-07 15:50:08', 18967, 25030),
(11898511, 9037101, 'test@testing.com', '00048926', 'ce5eb6fc0de216c2', '2015-11-07 15:55:04', 18053, 22978),
(11902431, 9037101, 'test@testing.com', '00048926', 'ce5eb6fc0de216c2', '2015-11-07 16:00:10', 21256, 27909),
(11906381, 9037101, 'test@testing.com', '00048926', 'ce5eb6fc0de216c2', '2015-11-07 16:05:22', 19767, 25824),
(11910161, 9037101, 'test@testing.com', '00048926', 'ce5eb6fc0de216c2', '2015-11-07 16:10:16', 18302, 23786),
(11913881, 9037101, 'test@testing.com', '00048926', 'ce5eb6fc0de216c2', '2015-11-07 16:15:10', 17764, 23727),
(11917821, 9037101, 'test@testing.com', '00048926', 'ce5eb6fc0de216c2', '2015-11-07 16:20:18', 19553, 24889),
(11921681, 9037101, 'test@testing.com', '00048926', 'ce5eb6fc0de216c2', '2015-11-07 16:25:09', 19634, 25543),
(11925361, 9037101, 'test@testing.com', '00048926', 'ce5eb6fc0de216c2', '2015-11-07 16:30:03', 18116, 23325),
(11929071, 9037101, 'test@testing.com', '00048926', 'ce5eb6fc0de216c2', '2015-11-07 16:34:56', 17764, 22931),
(11932981, 9037101, 'test@testing.com', '00048926', 'ce5eb6fc0de216c2', '2015-11-07 16:40:02', 19000, 24646),
(11936971, 9037101, 'test@testing.com', '00048926', 'ce5eb6fc0de216c2', '2015-11-07 16:45:17', 24044, 30010),
(11940721, 9037101, 'test@testing.com', '00048926', 'ce5eb6fc0de216c2', '2015-11-07 16:50:16', 18330, 23848),
(11944461, 9037101, 'test@testing.com', '00048926', 'ce5eb6fc0de216c2', '2015-11-07 16:55:03', 17276, 22564),
(11948371, 9037101, 'test@testing.com', '00048926', 'ce5eb6fc0de216c2', '2015-11-07 17:00:12', 18912, 25038),
(11952121, 9037101, 'test@testing.com', '00048926', 'ce5eb6fc0de216c2', '2015-11-07 17:05:08', 18474, 23544),
(11955871, 9037101, 'test@testing.com', '00048926', 'ce5eb6fc0de216c2', '2015-11-07 17:10:02', 20935, 26923),
(11959861, 9037101, 'test@testing.com', '00048926', 'ce5eb6fc0de216c2', '2015-11-07 17:15:12', 18375, 24572),
(11963391, 9037101, 'test@testing.com', '00048926', 'ce5eb6fc0de216c2', '2015-11-07 17:19:55', 18013, 23076),
(11967391, 9037101, 'test@testing.com', '00048926', 'ce5eb6fc0de216c2', '2015-11-07 17:25:06', 18756, 24188),
(11971131, 9037101, 'test@testing.com', '00048926', 'ce5eb6fc0de216c2', '2015-11-07 17:30:07', 18788, 24239),
(11975151, 9037101, 'test@testing.com', '00048926', 'ce5eb6fc0de216c2', '2015-11-07 17:35:22', 22036, 28736),
(11978821, 9037101, 'test@testing.com', '00048926', 'ce5eb6fc0de216c2', '2015-11-07 17:40:09', 18566, 23098),
(11982551, 9037101, 'test@testing.com', '00048926', 'ce5eb6fc0de216c2', '2015-11-07 17:44:57', 18725, 24223),
(11986411, 9037101, 'test@testing.com', '00048926', 'ce5eb6fc0de216c2', '2015-11-07 17:50:05', 18224, 23755),
(11990381, 9037101, 'test@testing.com', '00048926', 'ce5eb6fc0de216c2', '2015-11-07 17:55:20', 24451, 31812),
(11993931, 9037101, 'test@testing.com', '00048926', 'ce5eb6fc0de216c2', '2015-11-07 18:00:00', 16756, 21930),
(11997831, 9037101, 'test@testing.com', '00048926', 'ce5eb6fc0de216c2', '2015-11-07 18:05:00', 18027, 23565),
(12001671, 9037101, 'test@testing.com', '00048926', 'ce5eb6fc0de216c2', '2015-11-07 18:10:00', 19127, 25074),
(12005411, 9037101, 'test@testing.com', '00048926', 'ce5eb6fc0de216c2', '2015-11-07 18:14:54', 18488, 24111),
(12009551, 9037101, 'test@testing.com', '00048926', 'ce5eb6fc0de216c2', '2015-11-07 18:20:21', 22641, 28449),
(12013231, 9037101, 'test@testing.com', '00048926', 'ce5eb6fc0de216c2', '2015-11-07 18:25:11', 16834, 22437),
(12017091, 9037101, 'test@testing.com', '00048926', 'ce5eb6fc0de216c2', '2015-11-07 18:30:15', 18852, 24799),
(12020811, 9037101, 'test@testing.com', '00048926', 'ce5eb6fc0de216c2', '2015-11-07 18:35:04', 17975, 23113),
(12024571, 9037101, 'test@testing.com', '00048926', 'ce5eb6fc0de216c2', '2015-11-07 18:39:58', 20960, 26519),
(12028531, 9037101, 'test@testing.com', '00048926', 'ce5eb6fc0de216c2', '2015-11-07 18:45:08', 20727, 26733),
(12032171, 9037101, 'test@testing.com', '00048926', 'ce5eb6fc0de216c2', '2015-11-07 18:49:59', 20344, 25570),
(12036141, 9037101, 'test@testing.com', '00048926', 'ce5eb6fc0de216c2', '2015-11-07 18:55:08', 19050, 24927),
(12039761, 9037101, 'test@testing.com', '00048926', 'ce5eb6fc0de216c2', '2015-11-07 18:59:56', 18209, 23708),
(12043811, 9037101, 'test@testing.com', '00048926', 'ce5eb6fc0de216c2', '2015-11-07 19:05:10', 21234, 27418),
(12047631, 9037101, 'test@testing.com', '00048926', 'ce5eb6fc0de216c2', '2015-11-07 19:10:11', 18185, 24009),
(12051581, 9037101, 'test@testing.com', '00048926', 'ce5eb6fc0de216c2', '2015-11-07 19:15:21', 20193, 26761),
(12055181, 9037101, 'test@testing.com', '00048926', 'ce5eb6fc0de216c2', '2015-11-07 19:20:08', 17547, 23147),
(12058851, 9037101, 'test@testing.com', '00048926', 'ce5eb6fc0de216c2', '2015-11-07 19:25:00', 18884, 24449),
(12062851, 9037101, 'test@testing.com', '00048926', 'ce5eb6fc0de216c2', '2015-11-07 19:30:10', 20862, 27385),
(12066741, 9037101, 'test@testing.com', '00048926', 'ce5eb6fc0de216c2', '2015-11-07 19:35:13', 19078, 24869),
(12070281, 9037101, 'test@testing.com', '00048926', 'ce5eb6fc0de216c2', '2015-11-07 19:39:54', 20038, 25459),
(12074381, 9037101, 'test@testing.com', '00048926', 'ce5eb6fc0de216c2', '2015-11-07 19:45:14', 18917, 24545),
(12078121, 9037101, 'test@testing.com', '00048926', 'ce5eb6fc0de216c2', '2015-11-07 19:50:13', 20389, 26143),
(12081811, 9037101, 'test@testing.com', '00048926', 'ce5eb6fc0de216c2', '2015-11-07 19:54:57', 18096, 23763),
(12085871, 9037101, 'test@testing.com', '00048926', 'ce5eb6fc0de216c2', '2015-11-07 20:00:19', 21165, 31710),
(12089441, 9037101, 'test@testing.com', '00048926', 'ce5eb6fc0de216c2', '2015-11-07 20:04:57', 19184, 53176),
(12097501, 9041801, 'test@testing.com', '00265C3C', '6b262c193cc193c8', '2015-11-07 20:15:37', 3238, 20116),
(12118501, 9041861, 'test@testing.com', '00265C47', '1484e8a2701178b1', '2015-11-07 20:43:05', 14338, 29496),
(12120051, 9041861, 'test@testing.com', '00265C47', '1484e8a2701178b1', '2015-11-07 20:45:12', 5329, 37533),
(12129171, 9041921, 'test@testing.com', '00265C4F', 'eeae8f2aa06fed1e', '2015-11-07 20:57:03', 3979, 30240),
(12136631, 9041941, 'test@testing.com', '00265C53', 'fb50d1b1d657646a', '2015-11-07 21:06:57', 13095, 81463),
(12153281, 9042041, 'test@testing.com', '00265C60', 'b6066a462b5cea05', '2015-11-07 21:28:59', 32011, 115696),
(12155901, 9042041, 'test@testing.com', '00265C60', 'b6066a462b5cea05', '2015-11-07 21:32:11', 9422, 79588),
(12161761, 9042071, 'test@testing.com', '00265C64', '8de9b815b439a20f', '2015-11-07 21:40:14', 5516, 6481),
(12169391, 9042081, 'test@testing.com', '00265C67', '3357110e7a8fcec1', '2015-11-07 21:50:14', 31923, 111159),
(12173421, 9042081, 'test@testing.com', '00265C67', '3357110e7a8fcec1', '2015-11-07 21:55:32', 28137, 114491),
(12176981, 9042081, 'test@testing.com', '00265C67', '3357110e7a8fcec1', '2015-11-07 22:00:12', 19510, 118686),
(12180981, 9042081, 'test@testing.com', '00265C67', '3357110e7a8fcec1', '2015-11-07 22:05:29', 25155, 123689),
(12184791, 9042081, 'test@testing.com', '00265C67', '3357110e7a8fcec1', '2015-11-07 22:10:30', 16405, 139206),
(12188551, 9042081, 'test@testing.com', '00265C67', '3357110e7a8fcec1', '2015-11-07 22:15:21', 28315, 128064),
(12192311, 9042081, 'test@testing.com', '00265C67', '3357110e7a8fcec1', '2015-11-07 22:20:22', 29873, 105972),
(12196241, 9042081, 'test@testing.com', '00265C67', '3357110e7a8fcec1', '2015-11-07 22:25:35', 27441, 119289),
(12200001, 9042081, 'test@testing.com', '00265C67', '3357110e7a8fcec1', '2015-11-07 22:30:30', 20984, 106008),
(12202761, 9042081, 'test@testing.com', '00265C67', '3357110e7a8fcec1', '2015-11-07 22:34:04', 11559, 88739),
(12210981, 9042181, 'test@testing.com', '00048B7B', '8da85a9c42ef6f68', '2015-11-07 22:44:57', 23404, 49942),
(12214811, 9042181, 'test@testing.com', '00048B7B', '8da85a9c42ef6f68', '2015-11-07 22:50:07', 20626, 30428),
(12218801, 9042181, 'test@testing.com', '00048B7B', '8da85a9c42ef6f68', '2015-11-07 22:55:26', 20565, 27046),
(12222251, 9042181, 'test@testing.com', '00048B7B', '8da85a9c42ef6f68', '2015-11-07 22:59:58', 17166, 22521),
(12226301, 9042181, 'test@testing.com', '00048B7B', '8da85a9c42ef6f68', '2015-11-07 23:05:20', 20525, 65128),
(12229891, 9042181, 'test@testing.com', '00048B7B', '8da85a9c42ef6f68', '2015-11-07 23:10:08', 14894, 32135),
(12233811, 9042181, 'test@testing.com', '00048B7B', '8da85a9c42ef6f68', '2015-11-07 23:15:17', 23278, 46555),
(12237561, 9042181, 'test@testing.com', '00048B7B', '8da85a9c42ef6f68', '2015-11-07 23:20:20', 23114, 29942),
(12241091, 9042181, 'test@testing.com', '00048B7B', '8da85a9c42ef6f68', '2015-11-07 23:24:58', 20870, 28578),
(12244991, 9042181, 'test@testing.com', '00048B7B', '8da85a9c42ef6f68', '2015-11-07 23:30:08', 17602, 35103),
(12247251, 9042181, 'test@testing.com', '00048B7B', '8da85a9c42ef6f68', '2015-11-07 23:33:02', 13167, 34615),
(12255071, 9042261, 'test@testing.com', '00265C88', 'acd70425de38c814', '2015-11-07 23:43:19', 32470, 61545),
(12258971, 9042261, 'test@testing.com', '00265C88', 'acd70425de38c814', '2015-11-07 23:48:35', 19854, 27711),
(12262541, 9042261, 'test@testing.com', '00265C88', 'acd70425de38c814', '2015-11-07 23:53:20', 20933, 28677),
(12266541, 9042261, 'test@testing.com', '00265C88', 'acd70425de38c814', '2015-11-07 23:58:42', 27740, 35812),
(12270281, 9042261, 'test@testing.com', '00265C88', 'acd70425de38c814', '2015-11-08 00:03:32', 20549, 28818),
(12273871, 9042261, 'test@testing.com', '00265C88', 'acd70425de38c814', '2015-11-08 00:08:23', 18343, 26104),
(12277601, 9042261, 'test@testing.com', '00265C88', 'acd70425de38c814', '2015-11-08 00:13:16', 18993, 25626),
(12281451, 9042261, 'test@testing.com', '00265C88', 'acd70425de38c814', '2015-11-08 00:18:27', 18369, 24653),
(12285241, 9042261, 'test@testing.com', '00265C88', 'acd70425de38c814', '2015-11-08 00:23:32', 21341, 27798),
(12288981, 9042261, 'test@testing.com', '00265C88', 'acd70425de38c814', '2015-11-08 00:28:25', 18283, 25156),
(12292711, 9042261, 'test@testing.com', '00265C88', 'acd70425de38c814', '2015-11-08 00:33:22', 16688, 27836),
(12296561, 9042261, 'test@testing.com', '00265C88', 'acd70425de38c814', '2015-11-08 00:38:32', 23811, 37617),
(12300301, 9042261, 'test@testing.com', '00265C88', 'acd70425de38c814', '2015-11-08 00:43:27', 20603, 26048),
(12304211, 9042261, 'test@testing.com', '00265C88', 'acd70425de38c814', '2015-11-08 00:48:45', 22591, 28719),
(12307701, 9042261, 'test@testing.com', '00265C88', 'acd70425de38c814', '2015-11-08 00:53:18', 18653, 23148),
(12311761, 9042261, 'test@testing.com', '00265C88', 'acd70425de38c814', '2015-11-08 00:58:39', 22041, 27913),
(12315231, 9042261, 'test@testing.com', '00265C88', 'acd70425de38c814', '2015-11-08 01:03:18', 21093, 38400),
(12318971, 9042261, 'test@testing.com', '00265C88', 'acd70425de38c814', '2015-11-08 01:08:17', 18347, 24390),
(12323001, 9042261, 'test@testing.com', '00265C88', 'acd70425de38c814', '2015-11-08 01:13:39', 19393, 25562),
(12326621, 9042261, 'test@testing.com', '00265C88', 'acd70425de38c814', '2015-11-08 01:18:24', 17794, 23260),
(12330281, 9042261, 'test@testing.com', '00265C88', 'acd70425de38c814', '2015-11-08 01:23:23', 21130, 28019),
(12333951, 9042261, 'test@testing.com', '00265C88', 'acd70425de38c814', '2015-11-08 01:28:16', 18047, 23390),
(12337941, 9042261, 'test@testing.com', '00265C88', 'acd70425de38c814', '2015-11-08 01:33:37', 19938, 27519),
(12341541, 9042261, 'test@testing.com', '00265C88', 'acd70425de38c814', '2015-11-08 01:38:28', 19890, 25586),
(12345411, 9042261, 'test@testing.com', '00265C88', 'acd70425de38c814', '2015-11-08 01:43:37', 22010, 27724),
(12349051, 9042261, 'test@testing.com', '00265C88', 'acd70425de38c814', '2015-11-08 01:48:30', 17631, 22869),
(12352711, 9042261, 'test@testing.com', '00265C88', 'acd70425de38c814', '2015-11-08 01:53:20', 18585, 25363),
(12356451, 9042261, 'test@testing.com', '00265C88', 'acd70425de38c814', '2015-11-08 01:58:25', 23510, 31040),
(12360361, 9042261, 'test@testing.com', '00265C88', 'acd70425de38c814', '2015-11-08 02:03:37', 20189, 26409),
(12364021, 9042261, 'test@testing.com', '00265C88', 'acd70425de38c814', '2015-11-08 02:08:31', 20656, 29208),
(12367811, 9042261, 'test@testing.com', '00265C88', 'acd70425de38c814', '2015-11-08 02:13:29', 18597, 24566),
(12371511, 9042261, 'test@testing.com', '00265C88', 'acd70425de38c814', '2015-11-08 02:18:26', 17895, 22337),
(12375361, 9042261, 'test@testing.com', '00265C88', 'acd70425de38c814', '2015-11-08 02:23:33', 18998, 24804),
(12379111, 9042261, 'test@testing.com', '00265C88', 'acd70425de38c814', '2015-11-08 02:28:33', 18008, 24157),
(12382971, 9042261, 'test@testing.com', '00265C88', 'acd70425de38c814', '2015-11-08 02:33:43', 25027, 31176),
(12386511, 9042261, 'test@testing.com', '00265C88', 'acd70425de38c814', '2015-11-08 02:38:24', 19659, 24824),
(12390421, 9042261, 'test@testing.com', '00265C88', 'acd70425de38c814', '2015-11-08 02:43:39', 19290, 25939),
(12394061, 9042261, 'test@testing.com', '00265C88', 'acd70425de38c814', '2015-11-08 02:48:30', 18172, 23619),
(12397921, 9042261, 'test@testing.com', '00265C88', 'acd70425de38c814', '2015-11-08 02:53:37', 21740, 28338),
(12401601, 9042261, 'test@testing.com', '00265C88', 'acd70425de38c814', '2015-11-08 02:58:35', 18246, 24270),
(12405491, 9042261, 'test@testing.com', '00265C88', 'acd70425de38c814', '2015-11-08 03:03:43', 18789, 25332),
(12408961, 9042261, 'test@testing.com', '00265C88', 'acd70425de38c814', '2015-11-08 03:08:20', 17591, 22413),
(12412941, 9042261, 'test@testing.com', '00265C88', 'acd70425de38c814', '2015-11-08 03:13:41', 21853, 25929),
(12416571, 9042261, 'test@testing.com', '00265C88', 'acd70425de38c814', '2015-11-08 03:18:32', 17967, 25339),
(12420441, 9042261, 'test@testing.com', '00265C88', 'acd70425de38c814', '2015-11-08 03:23:35', 18629, 24701),
(12423911, 9042261, 'test@testing.com', '00265C88', 'acd70425de38c814', '2015-11-08 03:28:18', 18320, 23131),
(12427941, 9042261, 'test@testing.com', '00265C88', 'acd70425de38c814', '2015-11-08 03:33:38', 18824, 25279),
(12431481, 9042261, 'test@testing.com', '00265C88', 'acd70425de38c814', '2015-11-08 03:38:25', 20282, 25005),
(12435211, 9042261, 'test@testing.com', '00265C88', 'acd70425de38c814', '2015-11-08 03:43:21', 20141, 25646),
(12439071, 9042261, 'test@testing.com', '00265C88', 'acd70425de38c814', '2015-11-08 03:48:36', 20004, 25905),
(12442691, 9042261, 'test@testing.com', '00265C88', 'acd70425de38c814', '2015-11-08 03:53:21', 17874, 23980),
(12446501, 9042261, 'test@testing.com', '00265C88', 'acd70425de38c814', '2015-11-08 03:58:22', 18458, 24776),
(12450451, 9042261, 'test@testing.com', '00265C88', 'acd70425de38c814', '2015-11-08 04:03:38', 22417, 29611),
(12453911, 9042261, 'test@testing.com', '00265C88', 'acd70425de38c814', '2015-11-08 04:08:18', 18266, 23760),
(12457621, 9042261, 'test@testing.com', '00265C88', 'acd70425de38c814', '2015-11-08 04:13:17', 18784, 24641),
(12461681, 9042261, 'test@testing.com', '00265C88', 'acd70425de38c814', '2015-11-08 04:18:38', 19333, 25295),
(12465501, 9042261, 'test@testing.com', '00265C88', 'acd70425de38c814', '2015-11-08 04:23:42', 21602, 28776),
(12469191, 9042261, 'test@testing.com', '00265C88', 'acd70425de38c814', '2015-11-08 04:28:38', 18155, 23745),
(12472841, 9042261, 'test@testing.com', '00265C88', 'acd70425de38c814', '2015-11-08 04:33:28', 17516, 23262),
(12476541, 9042261, 'test@testing.com', '00265C88', 'acd70425de38c814', '2015-11-08 04:38:26', 21188, 27074),
(12480311, 9042261, 'test@testing.com', '00265C88', 'acd70425de38c814', '2015-11-08 04:43:27', 17882, 23097),
(12484051, 9042261, 'test@testing.com', '00265C88', 'acd70425de38c814', '2015-11-08 04:48:26', 21161, 26711),
(12487841, 9042261, 'test@testing.com', '00265C88', 'acd70425de38c814', '2015-11-08 04:53:28', 18243, 23546),
(12491601, 9042261, 'test@testing.com', '00265C88', 'acd70425de38c814', '2015-11-08 04:58:35', 19252, 24587),
(12495351, 9042261, 'test@testing.com', '00265C88', 'acd70425de38c814', '2015-11-08 05:03:30', 17757, 23142),
(12498881, 9042261, 'test@testing.com', '00265C88', 'acd70425de38c814', '2015-11-08 05:08:19', 18860, 24224),
(12502971, 9042261, 'test@testing.com', '00265C88', 'acd70425de38c814', '2015-11-08 05:13:43', 22426, 28381),
(12506551, 9042261, 'test@testing.com', '00265C88', 'acd70425de38c814', '2015-11-08 05:18:29', 16786, 22023),
(12510231, 9042261, 'test@testing.com', '00265C88', 'acd70425de38c814', '2015-11-08 05:23:21', 18930, 24641),
(12514111, 9042261, 'test@testing.com', '00265C88', 'acd70425de38c814', '2015-11-08 05:28:36', 19480, 24726),
(12517721, 9042261, 'test@testing.com', '00265C88', 'acd70425de38c814', '2015-11-08 05:33:22', 19820, 25402),
(12521521, 9042261, 'test@testing.com', '00265C88', 'acd70425de38c814', '2015-11-08 05:38:24', 20394, 25779),
(12525451, 9042261, 'test@testing.com', '00265C88', 'acd70425de38c814', '2015-11-08 05:43:36', 19138, 24139),
(12529171, 9042261, 'test@testing.com', '00265C88', 'acd70425de38c814', '2015-11-08 05:48:43', 19173, 24946),
(12532961, 9042261, 'test@testing.com', '00265C88', 'acd70425de38c814', '2015-11-08 05:53:38', 20258, 25508),
(12536751, 9042261, 'test@testing.com', '00265C88', 'acd70425de38c814', '2015-11-08 05:58:43', 18947, 24833),
(12540221, 9042261, 'test@testing.com', '00265C88', 'acd70425de38c814', '2015-11-08 06:03:23', 16885, 21851),
(12543961, 9042261, 'test@testing.com', '00265C88', 'acd70425de38c814', '2015-11-08 06:08:25', 18783, 24247),
(12547801, 9042261, 'test@testing.com', '00265C88', 'acd70425de38c814', '2015-11-08 06:13:27', 18167, 23646),
(12551501, 9042261, 'test@testing.com', '00265C88', 'acd70425de38c814', '2015-11-08 06:18:27', 21409, 27328),
(12555341, 9042261, 'test@testing.com', '00265C88', 'acd70425de38c814', '2015-11-08 06:23:31', 18249, 23583),
(12559211, 9042261, 'test@testing.com', '00265C88', 'acd70425de38c814', '2015-11-08 06:28:39', 19651, 25410),
(12563021, 9042261, 'test@testing.com', '00265C88', 'acd70425de38c814', '2015-11-08 06:33:43', 21215, 26690),
(12566661, 9042261, 'test@testing.com', '00265C88', 'acd70425de38c814', '2015-11-08 06:38:34', 17998, 23155),
(12570561, 9042261, 'test@testing.com', '00265C88', 'acd70425de38c814', '2015-11-08 06:43:43', 20969, 26713),
(12574121, 9042261, 'test@testing.com', '00265C88', 'acd70425de38c814', '2015-11-08 06:48:30', 16944, 22074),
(12577941, 9042261, 'test@testing.com', '00265C88', 'acd70425de38c814', '2015-11-08 06:53:36', 19426, 24807),
(12581601, 9042261, 'test@testing.com', '00265C88', 'acd70425de38c814', '2015-11-08 06:58:27', 17631, 22864),
(12585311, 9042261, 'test@testing.com', '00265C88', 'acd70425de38c814', '2015-11-08 07:03:26', 21087, 26961),
(12589251, 9042261, 'test@testing.com', '00265C88', 'acd70425de38c814', '2015-11-08 07:08:42', 18904, 25005),
(12592951, 9042261, 'test@testing.com', '00265C88', 'acd70425de38c814', '2015-11-08 07:13:33', 18181, 23102),
(12596651, 9042261, 'test@testing.com', '00265C88', 'acd70425de38c814', '2015-11-08 07:18:35', 18586, 23961),
(12600371, 9042261, 'test@testing.com', '00265C88', 'acd70425de38c814', '2015-11-08 07:23:30', 18273, 23594),
(12604211, 9042261, 'test@testing.com', '00265C88', 'acd70425de38c814', '2015-11-08 07:28:42', 21148, 27256),
(12607701, 9042261, 'test@testing.com', '00265C88', 'acd70425de38c814', '2015-11-08 07:33:17', 19552, 24150),
(12611641, 9042261, 'test@testing.com', '00265C88', 'acd70425de38c814', '2015-11-08 07:38:30', 18880, 24623),
(12615561, 9042261, 'test@testing.com', '00265C88', 'acd70425de38c814', '2015-11-08 07:43:41', 19236, 23349),
(12619191, 9042261, 'test@testing.com', '00265C88', 'acd70425de38c814', '2015-11-08 07:48:30', 19871, 26178),
(12623081, 9042261, 'test@testing.com', '00265C88', 'acd70425de38c814', '2015-11-08 07:53:39', 18860, 24435),
(12626751, 9042261, 'test@testing.com', '00265C88', 'acd70425de38c814', '2015-11-08 07:58:28', 18211, 22803),
(12630611, 9042261, 'test@testing.com', '00265C88', 'acd70425de38c814', '2015-11-08 08:03:37', 18644, 24875),
(12634111, 9042261, 'test@testing.com', '00265C88', 'acd70425de38c814', '2015-11-08 08:08:17', 17723, 22915),
(12638251, 9042261, 'test@testing.com', '00265C88', 'acd70425de38c814', '2015-11-08 08:13:44', 22428, 28997),
(12641741, 9042261, 'test@testing.com', '00265C88', 'acd70425de38c814', '2015-11-08 08:18:22', 16758, 21630),
(12645861, 9042261, 'test@testing.com', '00265C88', 'acd70425de38c814', '2015-11-08 08:23:44', 20326, 26365),
(12649251, 9042261, 'test@testing.com', '00265C88', 'acd70425de38c814', '2015-11-08 08:28:17', 16795, 21731),
(12653181, 9042261, 'test@testing.com', '00265C88', 'acd70425de38c814', '2015-11-08 08:33:22', 20893, 26171),
(12657151, 9042261, 'test@testing.com', '00265C88', 'acd70425de38c814', '2015-11-08 08:38:42', 21943, 27853),
(12660971, 9042261, 'test@testing.com', '00265C88', 'acd70425de38c814', '2015-11-08 08:43:42', 18441, 23674),
(12664601, 9042261, 'test@testing.com', '00265C88', 'acd70425de38c814', '2015-11-08 08:48:31', 16956, 22305),
(12668461, 9042261, 'test@testing.com', '00265C88', 'acd70425de38c814', '2015-11-08 08:53:32', 19028, 24692),
(12672061, 9042261, 'test@testing.com', '00265C88', 'acd70425de38c814', '2015-11-08 08:58:21', 20377, 26147),
(12675941, 9042261, 'test@testing.com', '00265C88', 'acd70425de38c814', '2015-11-08 09:03:24', 18513, 24479),
(12679661, 9042261, 'test@testing.com', '00265C88', 'acd70425de38c814', '2015-11-08 09:08:21', 18535, 23337),
(12683521, 9042261, 'test@testing.com', '00265C88', 'acd70425de38c814', '2015-11-08 09:13:21', 18444, 24314),
(12687331, 9042261, 'test@testing.com', '00265C88', 'acd70425de38c814', '2015-11-08 09:18:26', 19054, 24414),
(12691291, 9042261, 'test@testing.com', '00265C88', 'acd70425de38c814', '2015-11-08 09:23:40', 20997, 26635),
(12694881, 9042261, 'test@testing.com', '00265C88', 'acd70425de38c814', '2015-11-08 09:28:21', 17530, 22726),
(12698711, 9042261, 'test@testing.com', '00265C88', 'acd70425de38c814', '2015-11-08 09:33:24', 20995, 26423),
(12702661, 9042261, 'test@testing.com', '00265C88', 'acd70425de38c814', '2015-11-08 09:38:41', 20189, 24761),
(12706331, 9042261, 'test@testing.com', '00265C88', 'acd70425de38c814', '2015-11-08 09:43:25', 18720, 24522),
(12710141, 9042261, 'test@testing.com', '00265C88', 'acd70425de38c814', '2015-11-08 09:48:29', 18321, 23917),
(12713841, 9042261, 'test@testing.com', '00265C88', 'acd70425de38c814', '2015-11-08 09:53:25', 18815, 24336),
(12717781, 9042261, 'test@testing.com', '00265C88', 'acd70425de38c814', '2015-11-08 09:58:37', 18973, 24295),
(12721461, 9042261, 'test@testing.com', '00265C88', 'acd70425de38c814', '2015-11-08 10:03:27', 18207, 23504),
(12725351, 9042261, 'test@testing.com', '00265C88', 'acd70425de38c814', '2015-11-08 10:08:35', 20950, 26563),
(12729231, 9042261, 'test@testing.com', '00265C88', 'acd70425de38c814', '2015-11-08 10:13:40', 18834, 24393),
(12732661, 9042261, 'test@testing.com', '00265C88', 'acd70425de38c814', '2015-11-08 10:18:17', 17570, 23448),
(12736521, 9042261, 'test@testing.com', '00265C88', 'acd70425de38c814', '2015-11-08 10:23:18', 18384, 23723),
(12740511, 9042261, 'test@testing.com', '00265C88', 'acd70425de38c814', '2015-11-08 10:28:36', 21497, 27076),
(12744391, 9042261, 'test@testing.com', '00265C88', 'acd70425de38c814', '2015-11-08 10:33:44', 21288, 26383),
(12747911, 9042261, 'test@testing.com', '00265C88', 'acd70425de38c814', '2015-11-08 10:38:22', 17148, 22129),
(12751801, 9042261, 'test@testing.com', '00265C88', 'acd70425de38c814', '2015-11-08 10:43:31', 18245, 23868),
(12755721, 9042261, 'test@testing.com', '00265C88', 'acd70425de38c814', '2015-11-08 10:48:36', 19392, 24712),
(12759371, 9042261, 'test@testing.com', '00265C88', 'acd70425de38c814', '2015-11-08 10:53:24', 19895, 25497),
(12763131, 9042261, 'test@testing.com', '00265C88', 'acd70425de38c814', '2015-11-08 10:58:26', 18165, 24096),
(12767231, 9042261, 'test@testing.com', '00265C88', 'acd70425de38c814', '2015-11-08 11:03:42', 20123, 24681),
(12770781, 9042261, 'test@testing.com', '00265C88', 'acd70425de38c814', '2015-11-08 11:08:26', 19161, 24964),
(12774521, 9042261, 'test@testing.com', '00265C88', 'acd70425de38c814', '2015-11-08 11:13:23', 18687, 24016),
(12778471, 9042261, 'test@testing.com', '00265C88', 'acd70425de38c814', '2015-11-08 11:18:38', 21127, 27049),
(12782061, 9042261, 'test@testing.com', '00265C88', 'acd70425de38c814', '2015-11-08 11:23:20', 17522, 22784),
(12786021, 9042261, 'test@testing.com', '00265C88', 'acd70425de38c814', '2015-11-08 11:28:34', 21433, 26639),
(12789641, 9042261, 'test@testing.com', '00265C88', 'acd70425de38c814', '2015-11-08 11:33:19', 18953, 27727),
(12793631, 9042261, 'test@testing.com', '00265C88', 'acd70425de38c814', '2015-11-08 11:38:33', 21872, 26953),
(12797441, 9042261, 'test@testing.com', '00265C88', 'acd70425de38c814', '2015-11-08 11:43:35', 17965, 23437),
(12801261, 9042261, 'test@testing.com', '00265C88', 'acd70425de38c814', '2015-11-08 11:48:37', 18874, 24417),
(12804981, 9042261, 'test@testing.com', '00265C88', 'acd70425de38c814', '2015-11-08 11:53:30', 17871, 23577),
(12808771, 9042261, 'test@testing.com', '00265C88', 'acd70425de38c814', '2015-11-08 11:58:32', 21176, 27245),
(12812631, 9042261, 'test@testing.com', '00265C88', 'acd70425de38c814', '2015-11-08 12:03:31', 18156, 23839),
(12816401, 9042261, 'test@testing.com', '00265C88', 'acd70425de38c814', '2015-11-08 12:08:36', 19348, 24896),
(12820291, 9042261, 'test@testing.com', '00265C88', 'acd70425de38c814', '2015-11-08 12:13:42', 19062, 24383),
(12823991, 9042261, 'test@testing.com', '00265C88', 'acd70425de38c814', '2015-11-08 12:18:33', 17499, 22861),
(12827891, 9042261, 'test@testing.com', '00265C88', 'acd70425de38c814', '2015-11-08 12:23:40', 21004, 26696),
(12831461, 9042261, 'test@testing.com', '00265C88', 'acd70425de38c814', '2015-11-08 12:28:22', 19765, 24957),
(12835181, 9042261, 'test@testing.com', '00265C88', 'acd70425de38c814', '2015-11-08 12:33:17', 19016, 23785),
(12839361, 9042261, 'test@testing.com', '00265C88', 'acd70425de38c814', '2015-11-08 12:38:44', 20374, 26117),
(12843121, 9042261, 'test@testing.com', '00265C88', 'acd70425de38c814', '2015-11-08 12:43:42', 21998, 27882),
(12846731, 9042261, 'test@testing.com', '00265C88', 'acd70425de38c814', '2015-11-08 12:48:23', 17156, 23281),
(12850621, 9042261, 'test@testing.com', '00265C88', 'acd70425de38c814', '2015-11-08 12:53:30', 18911, 24669),
(12854371, 9042261, 'test@testing.com', '00265C88', 'acd70425de38c814', '2015-11-08 12:58:29', 18117, 23392),
(12858271, 9042261, 'test@testing.com', '00265C88', 'acd70425de38c814', '2015-11-08 13:03:40', 19446, 25292),
(12861741, 9042261, 'test@testing.com', '00265C88', 'acd70425de38c814', '2015-11-08 13:08:16', 19604, 24278),
(12865691, 9042261, 'test@testing.com', '00265C88', 'acd70425de38c814', '2015-11-08 13:13:24', 18678, 25289),
(12869401, 9042261, 'test@testing.com', '00265C88', 'acd70425de38c814', '2015-11-08 13:18:18', 18816, 23529),
(12873131, 9042261, 'test@testing.com', '00265C88', 'acd70425de38c814', '2015-11-08 13:23:16', 17991, 23318);

INSERT INTO `user_stats` (`id`, `radacct_id`, `username`, `acctsessionid`, `acctuniqueid`, `timestamp`, `acctinputoctets`, `acctoutputoctets`) VALUES
(12877031, 9042261, 'test@testing.com', '00265C88', 'acd70425de38c814', '2015-11-08 13:28:24', 21107, 26704),
(12881051, 9042261, 'test@testing.com', '00265C88', 'acd70425de38c814', '2015-11-08 13:33:39', 21021, 26839),
(12884631, 9042261, 'test@testing.com', '00265C88', 'acd70425de38c814', '2015-11-08 13:38:21', 17315, 22069),
(12888501, 9042261, 'test@testing.com', '00265C88', 'acd70425de38c814', '2015-11-08 13:43:32', 18912, 24134),
(12892411, 9042261, 'test@testing.com', '00265C88', 'acd70425de38c814', '2015-11-08 13:48:37', 19301, 24867),
(12895991, 9042261, 'test@testing.com', '00265C88', 'acd70425de38c814', '2015-11-08 13:53:21', 19983, 25621),
(12900021, 9042261, 'test@testing.com', '00265C88', 'acd70425de38c814', '2015-11-08 13:58:41', 21542, 27743),
(12903831, 9042261, 'test@testing.com', '00265C88', 'acd70425de38c814', '2015-11-08 14:03:38', 18951, 24271),
(12907551, 9042261, 'test@testing.com', '00265C88', 'acd70425de38c814', '2015-11-08 14:08:31', 17868, 23169),
(12911351, 9042261, 'test@testing.com', '00265C88', 'acd70425de38c814', '2015-11-08 14:13:34', 21660, 24997),
(12915001, 9042261, 'test@testing.com', '00265C88', 'acd70425de38c814', '2015-11-08 14:18:23', 17869, 25923),
(12918881, 9042261, 'test@testing.com', '00265C88', 'acd70425de38c814', '2015-11-08 14:23:29', 18119, 23569),
(12922601, 9042261, 'test@testing.com', '00265C88', 'acd70425de38c814', '2015-11-08 14:28:24', 20944, 26040),
(12926611, 9042261, 'test@testing.com', '00265C88', 'acd70425de38c814', '2015-11-08 14:33:35', 18691, 24039),
(12930201, 9042261, 'test@testing.com', '00265C88', 'acd70425de38c814', '2015-11-08 14:38:24', 20223, 25244),
(12934081, 9042261, 'test@testing.com', '00265C88', 'acd70425de38c814', '2015-11-08 14:43:29', 18275, 24935),
(12937941, 9042261, 'test@testing.com', '00265C88', 'acd70425de38c814', '2015-11-08 14:48:33', 19725, 25983),
(12941651, 9042261, 'test@testing.com', '00265C88', 'acd70425de38c814', '2015-11-08 14:53:26', 17669, 23024),
(12945391, 9042261, 'test@testing.com', '00265C88', 'acd70425de38c814', '2015-11-08 14:58:26', 18833, 24267),
(12949411, 9042261, 'test@testing.com', '00265C88', 'acd70425de38c814', '2015-11-08 15:03:40', 20996, 26752),
(12953211, 9042261, 'test@testing.com', '00265C88', 'acd70425de38c814', '2015-11-08 15:08:36', 17929, 22803),
(12956921, 9042261, 'test@testing.com', '00265C88', 'acd70425de38c814', '2015-11-08 15:13:32', 18658, 24274),
(12960511, 9042261, 'test@testing.com', '00265C88', 'acd70425de38c814', '2015-11-08 15:18:20', 18076, 22902),
(12964371, 9042261, 'test@testing.com', '00265C88', 'acd70425de38c814', '2015-11-08 15:23:24', 21353, 24884),
(12968161, 9042261, 'test@testing.com', '00265C88', 'acd70425de38c814', '2015-11-08 15:28:25', 20219, 27857),
(12972091, 9042261, 'test@testing.com', '00265C88', 'acd70425de38c814', '2015-11-08 15:33:33', 18887, 24157),
(12975691, 9042261, 'test@testing.com', '00265C88', 'acd70425de38c814', '2015-11-08 15:38:19', 17775, 22102),
(12979631, 9042261, 'test@testing.com', '00265C88', 'acd70425de38c814', '2015-11-08 15:43:24', 18304, 24296),
(12983611, 9042261, 'test@testing.com', '00265C88', 'acd70425de38c814', '2015-11-08 15:48:43', 22991, 28432),
(12987341, 9042261, 'test@testing.com', '00265C88', 'acd70425de38c814', '2015-11-08 15:53:39', 17548, 23989),
(12991171, 9042261, 'test@testing.com', '00265C88', 'acd70425de38c814', '2015-11-08 15:58:41', 18845, 24244),
(12994921, 9042261, 'test@testing.com', '00265C88', 'acd70425de38c814', '2015-11-08 16:03:35', 18173, 23574),
(12998671, 9042261, 'test@testing.com', '00265C88', 'acd70425de38c814', '2015-11-08 16:08:34', 21076, 26586),
(13002511, 9042261, 'test@testing.com', '00265C88', 'acd70425de38c814', '2015-11-08 16:13:37', 18601, 25245),
(13006291, 9042261, 'test@testing.com', '00265C88', 'acd70425de38c814', '2015-11-08 16:18:37', 18973, 25143),
(13009851, 9042261, 'test@testing.com', '00265C88', 'acd70425de38c814', '2015-11-08 16:23:19', 20217, 25628),
(13013981, 9042261, 'test@testing.com', '00265C88', 'acd70425de38c814', '2015-11-08 16:28:42', 22475, 28576),
(13017641, 9042261, 'test@testing.com', '00265C88', 'acd70425de38c814', '2015-11-08 16:33:27', 16565, 21839),
(13021331, 9042261, 'test@testing.com', '00265C88', 'acd70425de38c814', '2015-11-08 16:38:19', 18231, 23065),
(13025061, 9042261, 'test@testing.com', '00265C88', 'acd70425de38c814', '2015-11-08 16:43:17', 18787, 24098),
(13029271, 9042261, 'test@testing.com', '00265C88', 'acd70425de38c814', '2015-11-08 16:48:45', 20423, 26320),
(13032911, 9042261, 'test@testing.com', '00265C88', 'acd70425de38c814', '2015-11-08 16:53:37', 19646, 25653),
(13036431, 9042261, 'test@testing.com', '00265C88', 'acd70425de38c814', '2015-11-08 16:58:18', 17206, 21705),
(13040261, 9042261, 'test@testing.com', '00265C88', 'acd70425de38c814', '2015-11-08 17:03:19', 18165, 23390),
(13044231, 9042261, 'test@testing.com', '00265C88', 'acd70425de38c814', '2015-11-08 17:08:31', 18952, 24811),
(13048111, 9042261, 'test@testing.com', '00265C88', 'acd70425de38c814', '2015-11-08 17:13:35', 19602, 25569),
(13051901, 9042261, 'test@testing.com', '00265C88', 'acd70425de38c814', '2015-11-08 17:18:39', 20353, 26120),
(13055661, 9042261, 'test@testing.com', '00265C88', 'acd70425de38c814', '2015-11-08 17:23:39', 20562, 25751),
(13059471, 9042261, 'test@testing.com', '00265C88', 'acd70425de38c814', '2015-11-08 17:28:41', 19591, 24643),
(13063071, 9042261, 'test@testing.com', '00265C88', 'acd70425de38c814', '2015-11-08 17:33:29', 16596, 21771),
(13066941, 9042261, 'test@testing.com', '00265C88', 'acd70425de38c814', '2015-11-08 17:38:31', 21185, 24629),
(13070521, 9042261, 'test@testing.com', '00265C88', 'acd70425de38c814', '2015-11-08 17:43:18', 18255, 25713),
(13074581, 9042261, 'test@testing.com', '00265C88', 'acd70425de38c814', '2015-11-08 17:48:42', 20557, 27039),
(13078271, 9042261, 'test@testing.com', '00265C88', 'acd70425de38c814', '2015-11-08 17:53:30', 17039, 22650),
(13082041, 9042261, 'test@testing.com', '00265C88', 'acd70425de38c814', '2015-11-08 17:58:30', 18167, 23392),
(13085611, 9042261, 'test@testing.com', '00265C88', 'acd70425de38c814', '2015-11-08 18:03:19', 20633, 25626),
(13089651, 9042261, 'test@testing.com', '00265C88', 'acd70425de38c814', '2015-11-08 18:08:37', 18816, 24684),
(13093381, 9042261, 'test@testing.com', '00265C88', 'acd70425de38c814', '2015-11-08 18:13:32', 18506, 24259),
(13097051, 9042261, 'test@testing.com', '00265C88', 'acd70425de38c814', '2015-11-08 18:18:23', 18209, 23388),
(13101131, 9042261, 'test@testing.com', '00265C88', 'acd70425de38c814', '2015-11-08 18:23:44', 24575, 30555),
(13104731, 9042261, 'test@testing.com', '00265C88', 'acd70425de38c814', '2015-11-08 18:28:25', 17068, 22562),
(13108451, 9042261, 'test@testing.com', '00265C88', 'acd70425de38c814', '2015-11-08 18:33:19', 17872, 22911),
(13112411, 9042261, 'test@testing.com', '00265C88', 'acd70425de38c814', '2015-11-08 18:38:30', 18991, 24747),
(13116141, 9042261, 'test@testing.com', '00265C88', 'acd70425de38c814', '2015-11-08 18:43:25', 18342, 23161),
(13119981, 9042261, 'test@testing.com', '00265C88', 'acd70425de38c814', '2015-11-08 18:48:29', 21717, 28013),
(13123741, 9042261, 'test@testing.com', '00265C88', 'acd70425de38c814', '2015-11-08 18:53:26', 18387, 23782),
(13127631, 9042261, 'test@testing.com', '00265C88', 'acd70425de38c814', '2015-11-08 18:58:38', 19462, 25527),
(13131341, 9042261, 'test@testing.com', '00265C88', 'acd70425de38c814', '2015-11-08 19:03:25', 17423, 22055),
(13135251, 9042261, 'test@testing.com', '00265C88', 'acd70425de38c814', '2015-11-08 19:08:35', 19427, 25853),
(13139011, 9042261, 'test@testing.com', '00265C88', 'acd70425de38c814', '2015-11-08 19:13:34', 20815, 26923),
(13142751, 9042261, 'test@testing.com', '00265C88', 'acd70425de38c814', '2015-11-08 19:18:33', 17658, 23114),
(13146611, 9042261, 'test@testing.com', '00265C88', 'acd70425de38c814', '2015-11-08 19:23:40', 22176, 27166),
(13150261, 9042261, 'test@testing.com', '00265C88', 'acd70425de38c814', '2015-11-08 19:28:27', 17005, 21875),
(13154141, 9042261, 'test@testing.com', '00265C88', 'acd70425de38c814', '2015-11-08 19:33:35', 21687, 28161),
(13157841, 9042261, 'test@testing.com', '00265C88', 'acd70425de38c814', '2015-11-08 19:38:25', 17639, 22813),
(13161761, 9042261, 'test@testing.com', '00265C88', 'acd70425de38c814', '2015-11-08 19:43:35', 19556, 25428),
(13165381, 9042261, 'test@testing.com', '00265C88', 'acd70425de38c814', '2015-11-08 19:48:22', 17993, 22981),
(13169251, 9042261, 'test@testing.com', '00265C88', 'acd70425de38c814', '2015-11-08 19:53:32', 19091, 25144),
(13173101, 9042261, 'test@testing.com', '00265C88', 'acd70425de38c814', '2015-11-08 19:58:38', 21125, 26853),
(13176801, 9042261, 'test@testing.com', '00265C88', 'acd70425de38c814', '2015-11-08 20:03:27', 17583, 22188),
(13180541, 9042261, 'test@testing.com', '00265C88', 'acd70425de38c814', '2015-11-08 20:08:26', 18779, 25113),
(13184191, 9042261, 'test@testing.com', '00265C88', 'acd70425de38c814', '2015-11-08 20:13:16', 18986, 24955),
(13188211, 9042261, 'test@testing.com', '00265C88', 'acd70425de38c814', '2015-11-08 20:18:32', 23968, 32442),
(13192021, 9042261, 'test@testing.com', '00265C88', 'acd70425de38c814', '2015-11-08 20:23:34', 18145, 44529),
(13195741, 9042261, 'test@testing.com', '00265C88', 'acd70425de38c814', '2015-11-08 20:28:28', 12368, 51930),
(13198181, 9042261, 'test@testing.com', '00265C88', 'acd70425de38c814', '2015-11-08 20:31:46', 16564, 58013),
(13205951, 9045851, 'test@testing.com', '00048CD1', '4078ec1ef03b2922', '2015-11-08 20:41:51', 17782, 109788),
(13207271, 9045851, 'test@testing.com', '00048CD1', '4078ec1ef03b2922', '2015-11-08 20:43:36', 5900, 32569),
(13218731, 9045901, 'test@testing.com', '00265E45', '7a777395100b21da', '2015-11-08 20:58:48', 20857, 117334),
(13218861, 9045901, 'test@testing.com', '00265E45', '7a777395100b21da', '2015-11-08 20:59:00', 160, 6338),
(13228291, 9045911, 'test@testing.com', '00048CD8', 'c07672842982322b', '2015-11-08 21:11:30', 24404, 127459),
(13232021, 9045911, 'test@testing.com', '00048CD8', 'c07672842982322b', '2015-11-08 21:16:29', 29531, 104873),
(13235851, 9045911, 'test@testing.com', '00048CD8', 'c07672842982322b', '2015-11-08 21:21:28', 25369, 51350),
(13239671, 9045911, 'test@testing.com', '00048CD8', 'c07672842982322b', '2015-11-08 21:26:32', 18439, 25968),
(13243371, 9045911, 'test@testing.com', '00048CD8', 'c07672842982322b', '2015-11-08 21:31:21', 20352, 26523),
(13247191, 9045911, 'test@testing.com', '00048CD8', 'c07672842982322b', '2015-11-08 21:36:31', 20582, 39980),
(13250841, 9045911, 'test@testing.com', '00048CD8', 'c07672842982322b', '2015-11-08 21:41:23', 16173, 34987),
(13254741, 9045911, 'test@testing.com', '00048CD8', 'c07672842982322b', '2015-11-08 21:46:27', 25805, 46457),
(13258481, 9045911, 'test@testing.com', '00048CD8', 'c07672842982322b', '2015-11-08 21:51:23', 17339, 23093),
(13262461, 9045911, 'test@testing.com', '00048CD8', 'c07672842982322b', '2015-11-08 21:56:37', 19975, 27970),
(13266211, 9045911, 'test@testing.com', '00048CD8', 'c07672842982322b', '2015-11-08 22:01:35', 17991, 23792),
(13269941, 9045911, 'test@testing.com', '00048CD8', 'c07672842982322b', '2015-11-08 22:06:30', 22096, 40021),
(13273701, 9045911, 'test@testing.com', '00048CD8', 'c07672842982322b', '2015-11-08 22:11:27', 18362, 34215),
(13277401, 9045911, 'test@testing.com', '00048CD8', 'c07672842982322b', '2015-11-08 22:16:20', 18080, 23332),
(13281031, 9045911, 'test@testing.com', '00048CD8', 'c07672842982322b', '2015-11-08 22:21:13', 22261, 27938),
(13284811, 9045911, 'test@testing.com', '00048CD8', 'c07672842982322b', '2015-11-08 22:26:13', 18588, 24734),
(13288821, 9045911, 'test@testing.com', '00048CD8', 'c07672842982322b', '2015-11-08 22:31:25', 21588, 29816),
(13292751, 9045911, 'test@testing.com', '00048CD8', 'c07672842982322b', '2015-11-08 22:36:39', 19623, 45257),
(13296411, 9045911, 'test@testing.com', '00048CD8', 'c07672842982322b', '2015-11-08 22:41:29', 17674, 25106),
(13300271, 9045911, 'test@testing.com', '00048CD8', 'c07672842982322b', '2015-11-08 22:46:32', 18462, 34951),
(13304001, 9045911, 'test@testing.com', '00048CD8', 'c07672842982322b', '2015-11-08 22:51:26', 19511, 26156),
(13307651, 9045911, 'test@testing.com', '00048CD8', 'c07672842982322b', '2015-11-08 22:56:19', 17484, 22805),
(13311661, 9045911, 'test@testing.com', '00048CD8', 'c07672842982322b', '2015-11-08 23:01:31', 19078, 31325),
(13315241, 9045911, 'test@testing.com', '00048CD8', 'c07672842982322b', '2015-11-08 23:06:17', 17481, 31129),
(13319331, 9045911, 'test@testing.com', '00048CD8', 'c07672842982322b', '2015-11-08 23:11:35', 22621, 31895),
(13323091, 9045911, 'test@testing.com', '00048CD8', 'c07672842982322b', '2015-11-08 23:16:36', 24012, 30648),
(13326661, 9045911, 'test@testing.com', '00048CD8', 'c07672842982322b', '2015-11-08 23:21:20', 18587, 26187),
(13330591, 9045911, 'test@testing.com', '00048CD8', 'c07672842982322b', '2015-11-08 23:26:29', 19135, 25816),
(13334551, 9045911, 'test@testing.com', '00048CD8', 'c07672842982322b', '2015-11-08 23:31:41', 22695, 30784),
(13338171, 9045911, 'test@testing.com', '00048CD8', 'c07672842982322b', '2015-11-08 23:36:27', 18497, 40096),
(13342011, 9045911, 'test@testing.com', '00048CD8', 'c07672842982322b', '2015-11-08 23:41:30', 19322, 26475),
(13345661, 9045911, 'test@testing.com', '00048CD8', 'c07672842982322b', '2015-11-08 23:46:23', 18005, 24516),
(13349381, 9045911, 'test@testing.com', '00048CD8', 'c07672842982322b', '2015-11-08 23:51:13', 17929, 23896);

TRUNCATE `user_data`;

INSERT INTO `user_data` (`username`, `datain`, `dataout`, `totaldata`, `data_hour`, `date`) VALUES
('test@testing.com', 296590, 520964, 817554, 0, '2015-10-28'),
('test@testing.com', 170610, 819682, 990292, 0, '2015-10-30'),
('test@testing.com', 82102, 391160, 473262, 0, '2015-10-31'),
('test@testing.com', 8490, 34935, 43425, 0, '2015-11-01'),
('test@testing.com', 306401, 984544, 1290945, 0, '2015-11-02'),
('test@testing.com', 288665, 1015468, 1304133, 0, '2015-11-03'),
('test@testing.com', 239933, 321622, 561555, 0, '2015-11-04'),
('test@testing.com', 240171, 333266, 573437, 0, '2015-11-05'),
('test@testing.com', 225254, 580549, 805803, 0, '2015-11-07'),
('test@testing.com', 240265, 329436, 569701, 0, '2015-11-08'),
('test@testing.com', 344570, 967693, 1312263, 1, '2015-10-28'),
('test@testing.com', 116701, 668695, 785396, 1, '2015-10-29'),
('test@testing.com', 299479, 951092, 1250571, 1, '2015-10-30'),
('test@testing.com', 290348, 914489, 1204837, 1, '2015-10-31'),
('test@testing.com', 33004, 217248, 250252, 1, '2015-11-01'),
('test@testing.com', 136752, 578001, 714753, 1, '2015-11-02'),
('test@testing.com', 232759, 983593, 1216352, 1, '2015-11-03'),
('test@testing.com', 249933, 370232, 620165, 1, '2015-11-04'),
('test@testing.com', 250379, 341804, 592183, 1, '2015-11-05'),
('test@testing.com', 123109, 426878, 549987, 1, '2015-11-07'),
('test@testing.com', 237368, 323122, 560490, 1, '2015-11-08'),
('test@testing.com', 462311, 778469, 1240780, 2, '2015-10-28'),
('test@testing.com', 504644, 1357217, 1861861, 2, '2015-10-29'),
('test@testing.com', 534971, 1301811, 1836782, 2, '2015-10-30'),
('test@testing.com', 246978, 381356, 628334, 2, '2015-10-31'),
('test@testing.com', 134931, 553698, 688629, 2, '2015-11-01'),
('test@testing.com', 126976, 643064, 770040, 2, '2015-11-02'),
('test@testing.com', 205136, 767691, 972827, 2, '2015-11-03'),
('test@testing.com', 238424, 326093, 564517, 2, '2015-11-04'),
('test@testing.com', 256272, 351058, 607330, 2, '2015-11-05'),
('test@testing.com', 24281, 132629, 156910, 2, '2015-11-07'),
('test@testing.com', 236477, 309647, 546124, 2, '2015-11-08'),
('test@testing.com', 481300, 658413, 1139713, 3, '2015-10-28'),
('test@testing.com', 492089, 692263, 1184352, 3, '2015-10-29'),
('test@testing.com', 495206, 711597, 1206803, 3, '2015-10-30'),
('test@testing.com', 245271, 358370, 603641, 3, '2015-10-31'),
('test@testing.com', 169666, 500333, 669999, 3, '2015-11-01'),
('test@testing.com', 65732, 403863, 469595, 3, '2015-11-02'),
('test@testing.com', 146078, 770491, 916569, 3, '2015-11-03'),
('test@testing.com', 253586, 344374, 597960, 3, '2015-11-04'),
('test@testing.com', 248105, 328945, 577050, 3, '2015-11-05'),
('test@testing.com', 23159, 186959, 210118, 3, '2015-11-07'),
('test@testing.com', 228732, 297436, 526168, 3, '2015-11-08'),
('test@testing.com', 472063, 673225, 1145288, 4, '2015-10-28'),
('test@testing.com', 475245, 679819, 1155064, 4, '2015-10-29'),
('test@testing.com', 472614, 657179, 1129793, 4, '2015-10-30'),
('test@testing.com', 234425, 324165, 558590, 4, '2015-10-31'),
('test@testing.com', 334976, 1053840, 1388816, 4, '2015-11-01'),
('test@testing.com', 20484, 167100, 187584, 4, '2015-11-02'),
('test@testing.com', 52869, 270684, 323553, 4, '2015-11-03'),
('test@testing.com', 247942, 333372, 581314, 4, '2015-11-04'),
('test@testing.com', 238934, 404611, 643545, 4, '2015-11-05'),
('test@testing.com', 97071, 525087, 622158, 4, '2015-11-07'),
('test@testing.com', 233799, 304105, 537904, 4, '2015-11-08'),
('test@testing.com', 469126, 613036, 1082162, 5, '2015-10-28'),
('test@testing.com', 467321, 605368, 1072689, 5, '2015-10-29'),
('test@testing.com', 467660, 604245, 1071905, 5, '2015-10-30'),
('test@testing.com', 238346, 309152, 547498, 5, '2015-10-31'),
('test@testing.com', 241835, 318653, 560488, 5, '2015-11-01'),
('test@testing.com', 61004, 211041, 272045, 5, '2015-11-02'),
('test@testing.com', 28737, 49474, 78211, 5, '2015-11-03'),
('test@testing.com', 247756, 331628, 579384, 5, '2015-11-04'),
('test@testing.com', 236094, 308437, 544531, 5, '2015-11-05'),
('test@testing.com', 165848, 726600, 892448, 5, '2015-11-07'),
('test@testing.com', 231969, 297744, 529713, 5, '2015-11-08'),
('test@testing.com', 457066, 586652, 1043718, 6, '2015-10-28'),
('test@testing.com', 462336, 593324, 1055660, 6, '2015-10-29'),
('test@testing.com', 461335, 591771, 1053106, 6, '2015-10-30'),
('test@testing.com', 227915, 292691, 520606, 6, '2015-10-31'),
('test@testing.com', 229867, 293269, 523136, 6, '2015-11-01'),
('test@testing.com', 253462, 455363, 708825, 6, '2015-11-02'),
('test@testing.com', 228843, 296948, 525791, 6, '2015-11-03'),
('test@testing.com', 231620, 300754, 532374, 6, '2015-11-04'),
('test@testing.com', 228374, 289560, 517934, 6, '2015-11-05'),
('test@testing.com', 232776, 298380, 531156, 6, '2015-11-07'),
('test@testing.com', 227327, 292368, 519695, 6, '2015-11-08'),
('test@testing.com', 459610, 591398, 1051008, 7, '2015-10-28'),
('test@testing.com', 460497, 590433, 1050930, 7, '2015-10-29'),
('test@testing.com', 457222, 583211, 1040433, 7, '2015-10-30'),
('test@testing.com', 228085, 290499, 518584, 7, '2015-10-31'),
('test@testing.com', 231395, 296234, 527629, 7, '2015-11-01'),
('test@testing.com', 231009, 297244, 528253, 7, '2015-11-02'),
('test@testing.com', 231530, 300051, 531581, 7, '2015-11-03'),
('test@testing.com', 233330, 300589, 533919, 7, '2015-11-04'),
('test@testing.com', 227185, 288589, 515774, 7, '2015-11-05'),
('test@testing.com', 230394, 297296, 527690, 7, '2015-11-07'),
('test@testing.com', 230789, 295417, 526206, 7, '2015-11-08'),
('test@testing.com', 457250, 585374, 1042624, 8, '2015-10-28'),
('test@testing.com', 608858, 790261, 1399119, 8, '2015-10-29'),
('test@testing.com', 604266, 784957, 1389223, 8, '2015-10-30'),
('test@testing.com', 226436, 290700, 517136, 8, '2015-10-31'),
('test@testing.com', 230342, 294003, 524345, 8, '2015-11-01'),
('test@testing.com', 231239, 296781, 528020, 8, '2015-11-02'),
('test@testing.com', 589784, 697511, 1287295, 8, '2015-11-03'),
('test@testing.com', 362830, 447381, 810211, 8, '2015-11-04'),
('test@testing.com', 230558, 293477, 524035, 8, '2015-11-05'),
('test@testing.com', 248382, 322484, 570866, 8, '2015-11-07'),
('test@testing.com', 230312, 297355, 527667, 8, '2015-11-08'),
('test@testing.com', 2125495, 2690650, 4816145, 9, '2015-10-28'),
('test@testing.com', 1049829, 1357509, 2407338, 9, '2015-10-29'),
('test@testing.com', 626873, 813531, 1440404, 9, '2015-10-30'),
('test@testing.com', 228877, 291151, 520028, 9, '2015-10-31'),
('test@testing.com', 228226, 293010, 521236, 9, '2015-11-01'),
('test@testing.com', 1561989, 1998515, 3560504, 9, '2015-11-02'),
('test@testing.com', 961228, 1194408, 2155636, 9, '2015-11-03'),
('test@testing.com', 668812, 879991, 1548803, 9, '2015-11-04'),
('test@testing.com', 2517020, 3222203, 5739223, 9, '2015-11-05'),
('test@testing.com', 370346, 474041, 844387, 9, '2015-11-06'),
('test@testing.com', 211708, 274270, 485978, 9, '2015-11-07'),
('test@testing.com', 229086, 294159, 523245, 9, '2015-11-08'),
('test@testing.com', 10823839, 14380687, 25204526, 10, '2015-10-28'),
('test@testing.com', 2351019, 3048700, 5399719, 10, '2015-10-29'),
('test@testing.com', 1007967, 1326920, 2334887, 10, '2015-10-30'),
('test@testing.com', 227687, 291588, 519275, 10, '2015-10-31'),
('test@testing.com', 229981, 293346, 523327, 10, '2015-11-01'),
('test@testing.com', 1027150, 1308871, 2336021, 10, '2015-11-02'),
('test@testing.com', 1109608, 1477278, 2586886, 10, '2015-11-03'),
('test@testing.com', 11716229, 13064947, 24781176, 10, '2015-11-04'),
('test@testing.com', 227513, 293391, 520904, 10, '2015-11-05'),
('test@testing.com', 3377947, 4307171, 7685118, 10, '2015-11-06'),
('test@testing.com', 234737, 304475, 539212, 10, '2015-11-07'),
('test@testing.com', 229575, 295392, 524967, 10, '2015-11-08'),
('test@testing.com', 8579815, 11093255, 19673070, 11, '2015-10-28'),
('test@testing.com', 2962051, 3541231, 6503282, 11, '2015-10-29'),
('test@testing.com', 487679, 616744, 1104423, 11, '2015-10-30'),
('test@testing.com', 230181, 293584, 523765, 11, '2015-10-31'),
('test@testing.com', 231692, 296429, 528121, 11, '2015-11-01'),
('test@testing.com', 3737820, 4704211, 8442031, 11, '2015-11-02'),
('test@testing.com', 1157954, 1540002, 2697956, 11, '2015-11-03'),
('test@testing.com', 5969090, 6697586, 12666676, 11, '2015-11-04'),
('test@testing.com', 581590, 740466, 1322056, 11, '2015-11-05'),
('test@testing.com', 5077487, 6341055, 11418542, 11, '2015-11-06'),
('test@testing.com', 229707, 297432, 527139, 11, '2015-11-07'),
('test@testing.com', 234764, 303489, 538253, 11, '2015-11-08'),
('test@testing.com', 6316896, 8382260, 14699156, 12, '2015-10-28'),
('test@testing.com', 2092452, 2733939, 4826391, 12, '2015-10-29'),
('test@testing.com', 1297694, 1716052, 3013746, 12, '2015-10-30'),
('test@testing.com', 225118, 290590, 515708, 12, '2015-10-31'),
('test@testing.com', 228805, 291785, 520590, 12, '2015-11-01'),
('test@testing.com', 1915813, 2350242, 4266055, 12, '2015-11-02'),
('test@testing.com', 602349, 794081, 1396430, 12, '2015-11-03'),
('test@testing.com', 1299728, 1736049, 3035777, 12, '2015-11-04'),
('test@testing.com', 519419, 657100, 1176519, 12, '2015-11-05'),
('test@testing.com', 225583, 288966, 514549, 12, '2015-11-06'),
('test@testing.com', 228524, 296297, 524821, 12, '2015-11-07'),
('test@testing.com', 230406, 296758, 527164, 12, '2015-11-08'),
('test@testing.com', 2178287, 2819004, 4997291, 13, '2015-10-28'),
('test@testing.com', 1676421, 2162218, 3838639, 13, '2015-10-29'),
('test@testing.com', 724508, 942856, 1667364, 13, '2015-10-30'),
('test@testing.com', 231778, 295924, 527702, 13, '2015-10-31'),
('test@testing.com', 232503, 297520, 530023, 13, '2015-11-01'),
('test@testing.com', 3673596, 4672811, 8346407, 13, '2015-11-02'),
('test@testing.com', 239623, 311851, 551474, 13, '2015-11-03'),
('test@testing.com', 866139, 1144315, 2010454, 13, '2015-11-04'),
('test@testing.com', 1860269, 2213071, 4073340, 13, '2015-11-05'),
('test@testing.com', 734605, 941578, 1676183, 13, '2015-11-06'),
('test@testing.com', 234978, 304777, 539755, 13, '2015-11-07'),
('test@testing.com', 233716, 299683, 533399, 13, '2015-11-08'),
('test@testing.com', 2417258, 3200606, 5617864, 14, '2015-10-28'),
('test@testing.com', 1394480, 1824966, 3219446, 14, '2015-10-29'),
('test@testing.com', 1250264, 1647138, 2897402, 14, '2015-10-30'),
('test@testing.com', 230328, 295948, 526276, 14, '2015-10-31'),
('test@testing.com', 229707, 294201, 523908, 14, '2015-11-01'),
('test@testing.com', 3673658, 4209519, 7883177, 14, '2015-11-02'),
('test@testing.com', 230908, 297581, 528489, 14, '2015-11-03'),
('test@testing.com', 1414683, 1865281, 3279964, 14, '2015-11-04'),
('test@testing.com', 920097, 1182068, 2102165, 14, '2015-11-05'),
('test@testing.com', 438003, 559887, 997890, 14, '2015-11-06'),
('test@testing.com', 247976, 323056, 571032, 14, '2015-11-07'),
('test@testing.com', 228827, 295461, 524288, 14, '2015-11-08'),
('test@testing.com', 4479319, 5985096, 10464415, 15, '2015-10-27'),
('test@testing.com', 7998567, 10496843, 18495410, 15, '2015-10-28'),
('test@testing.com', 4380308, 5641222, 10021530, 15, '2015-10-29'),
('test@testing.com', 928782, 1221297, 2150079, 15, '2015-10-30'),
('test@testing.com', 225625, 290257, 515882, 15, '2015-10-31'),
('test@testing.com', 242032, 308390, 550422, 15, '2015-11-01'),
('test@testing.com', 3132343, 3902120, 7034463, 15, '2015-11-02'),
('test@testing.com', 231593, 299223, 530816, 15, '2015-11-03'),
('test@testing.com', 4098067, 5207340, 9305407, 15, '2015-11-04'),
('test@testing.com', 2329054, 2981005, 5310059, 15, '2015-11-05'),
('test@testing.com', 1428909, 1836628, 3265537, 15, '2015-11-06'),
('test@testing.com', 211481, 275946, 487427, 15, '2015-11-07'),
('test@testing.com', 231581, 296692, 528273, 15, '2015-11-08'),
('test@testing.com', 1598562, 2087322, 3685884, 16, '2015-10-27'),
('test@testing.com', 1904228, 2487157, 4391385, 16, '2015-10-28'),
('test@testing.com', 1163931, 1500227, 2664158, 16, '2015-10-29'),
('test@testing.com', 460618, 603124, 1063742, 16, '2015-10-30'),
('test@testing.com', 234090, 310525, 544615, 16, '2015-10-31'),
('test@testing.com', 235218, 303372, 538590, 16, '2015-11-01'),
('test@testing.com', 5314280, 6052188, 11366468, 16, '2015-11-02'),
('test@testing.com', 230794, 298600, 529394, 16, '2015-11-03'),
('test@testing.com', 990099, 1305003, 2295102, 16, '2015-11-04'),
('test@testing.com', 881782, 1132395, 2014177, 16, '2015-11-05'),
('test@testing.com', 790392, 1009053, 1799445, 16, '2015-11-06'),
('test@testing.com', 230806, 299002, 529808, 16, '2015-11-07'),
('test@testing.com', 230373, 297432, 527805, 16, '2015-11-08'),
('test@testing.com', 775437, 994959, 1770396, 17, '2015-10-27'),
('test@testing.com', 459466, 588496, 1047962, 17, '2015-10-28'),
('test@testing.com', 459312, 589180, 1048492, 17, '2015-10-29'),
('test@testing.com', 454525, 582877, 1037402, 17, '2015-10-30'),
('test@testing.com', 226164, 289535, 515699, 17, '2015-10-31'),
('test@testing.com', 231738, 298422, 530160, 17, '2015-11-01'),
('test@testing.com', 2452315, 2940977, 5393292, 17, '2015-11-02'),
('test@testing.com', 238085, 305536, 543621, 17, '2015-11-03'),
('test@testing.com', 233805, 303302, 537107, 17, '2015-11-04'),
('test@testing.com', 394571, 503364, 897935, 17, '2015-11-05'),
('test@testing.com', 234497, 300674, 535171, 17, '2015-11-06'),
('test@testing.com', 234255, 303204, 537459, 17, '2015-11-07'),
('test@testing.com', 229024, 295478, 524502, 17, '2015-11-08'),
('test@testing.com', 474133, 619973, 1094106, 18, '2015-10-27'),
('test@testing.com', 465565, 607041, 1072606, 18, '2015-10-28'),
('test@testing.com', 459203, 590774, 1049977, 18, '2015-10-29'),
('test@testing.com', 458602, 585830, 1044432, 18, '2015-10-30'),
('test@testing.com', 228534, 290507, 519041, 18, '2015-10-31'),
('test@testing.com', 243140, 311075, 554215, 18, '2015-11-01'),
('test@testing.com', 235360, 301334, 536694, 18, '2015-11-02'),
('test@testing.com', 230050, 298675, 528725, 18, '2015-11-03'),
('test@testing.com', 231836, 299415, 531251, 18, '2015-11-04'),
('test@testing.com', 229893, 288433, 518326, 18, '2015-11-05'),
('test@testing.com', 225800, 288225, 514025, 18, '2015-11-06'),
('test@testing.com', 247990, 320935, 568925, 18, '2015-11-07'),
('test@testing.com', 232578, 299215, 531793, 18, '2015-11-08'),
('test@testing.com', 467923, 616879, 1084802, 19, '2015-10-27'),
('test@testing.com', 461662, 637009, 1098671, 19, '2015-10-28'),
('test@testing.com', 461577, 629902, 1091479, 19, '2015-10-29'),
('test@testing.com', 419462, 616333, 1035795, 19, '2015-10-30'),
('test@testing.com', 183549, 304520, 488069, 19, '2015-10-31'),
('test@testing.com', 202538, 502379, 704917, 19, '2015-11-01'),
('test@testing.com', 204409, 321272, 525681, 19, '2015-11-02'),
('test@testing.com', 240746, 392115, 632861, 19, '2015-11-03'),
('test@testing.com', 232429, 300826, 533255, 19, '2015-11-04'),
('test@testing.com', 204000, 278349, 482349, 19, '2015-11-05'),
('test@testing.com', 227086, 313269, 540355, 19, '2015-11-06'),
('test@testing.com', 213423, 277948, 491371, 19, '2015-11-07'),
('test@testing.com', 231595, 298366, 529961, 19, '2015-11-08'),
('test@testing.com', 268116, 431786, 699902, 20, '2015-10-27'),
('test@testing.com', 254326, 1039576, 1293902, 20, '2015-10-28'),
('test@testing.com', 269318, 1187761, 1457079, 20, '2015-10-29'),
('test@testing.com', 293195, 880162, 1173357, 20, '2015-10-30'),
('test@testing.com', 257202, 635399, 892601, 20, '2015-10-31'),
('test@testing.com', 306325, 834645, 1140970, 20, '2015-11-01'),
('test@testing.com', 248734, 354295, 603029, 20, '2015-11-02'),
('test@testing.com', 32462, 182161, 214623, 20, '2015-11-03'),
('test@testing.com', 104846, 425291, 530137, 20, '2015-11-04'),
('test@testing.com', 34122, 146049, 180171, 20, '2015-11-05'),
('test@testing.com', 264288, 748540, 1012828, 20, '2015-11-06'),
('test@testing.com', 67233, 202271, 269504, 20, '2015-11-07'),
('test@testing.com', 171092, 525199, 696291, 20, '2015-11-08'),
('test@testing.com', 219271, 692673, 911944, 21, '2015-10-27'),
('test@testing.com', 110327, 542551, 652878, 21, '2015-10-28'),
('test@testing.com', 129632, 779557, 909189, 21, '2015-10-29'),
('test@testing.com', 294900, 998198, 1293098, 21, '2015-10-30'),
('test@testing.com', 257158, 668918, 926076, 21, '2015-10-31'),
('test@testing.com', 182642, 522308, 704950, 21, '2015-11-01'),
('test@testing.com', 218239, 698633, 916872, 21, '2015-11-02'),
('test@testing.com', 52045, 298627, 350672, 21, '2015-11-03'),
('test@testing.com', 262985, 604457, 867442, 21, '2015-11-04'),
('test@testing.com', 13098, 51399, 64497, 21, '2015-11-05'),
('test@testing.com', 274297, 702472, 976769, 21, '2015-11-06'),
('test@testing.com', 120104, 508878, 628982, 21, '2015-11-07'),
('test@testing.com', 217969, 508660, 726629, 21, '2015-11-08'),
('test@testing.com', 285136, 575499, 860635, 22, '2015-10-27'),
('test@testing.com', 100565, 594933, 695498, 22, '2015-10-28'),
('test@testing.com', 77865, 456484, 534349, 22, '2015-10-29'),
('test@testing.com', 175834, 909008, 1084842, 22, '2015-10-30'),
('test@testing.com', 157916, 794613, 952529, 22, '2015-10-31'),
('test@testing.com', 297626, 728593, 1026219, 22, '2015-11-01'),
('test@testing.com', 225713, 393753, 619466, 22, '2015-11-02'),
('test@testing.com', 87139, 448178, 535317, 22, '2015-11-03'),
('test@testing.com', 243696, 362604, 606300, 22, '2015-11-04'),
('test@testing.com', 29234, 120078, 149312, 22, '2015-11-05'),
('test@testing.com', 300615, 836528, 1137143, 22, '2015-11-06'),
('test@testing.com', 261003, 1059590, 1320593, 22, '2015-11-07'),
('test@testing.com', 231720, 358123, 589843, 22, '2015-11-08'),
('test@testing.com', 251247, 382056, 633303, 23, '2015-10-27'),
('test@testing.com', 35733, 207217, 242950, 23, '2015-10-28'),
('test@testing.com', 46938, 208853, 255791, 23, '2015-10-29'),
('test@testing.com', 95313, 428881, 524194, 23, '2015-10-30'),
('test@testing.com', 78368, 382788, 461156, 23, '2015-10-31'),
('test@testing.com', 266450, 1012705, 1279155, 23, '2015-11-01'),
('test@testing.com', 234010, 353492, 587502, 23, '2015-11-02'),
('test@testing.com', 229137, 736176, 965313, 23, '2015-11-03'),
('test@testing.com', 242262, 323231, 565493, 23, '2015-11-04'),
('test@testing.com', 15235, 71647, 86882, 23, '2015-11-05'),
('test@testing.com', 248717, 334747, 583464, 23, '2015-11-06'),
('test@testing.com', 234447, 425801, 660248, 23, '2015-11-07'),
('test@testing.com', 101779, 151184, 252963, 23, '2015-11-08');

SET @disable_triggers = NULL;